Feature Id	Aliases	start	end	score	strand	frame	proteinId	gene	log2_fold_change	p_value	q_value	NCUT	NCU
1764_gene	1764	6685334	6686715	.	-	2	1764	1764_gene	3.49192545218677	0.0003113512348196	0.0031793514433062	NCU00931T1	NCU00931
168_gene	168	620898	620918	.	+	0	168	168_gene	1.93831989174956	8.89743925625205e-06	0.0001621624996016	NCU07441T0	NCU07441
2226_gene	2226	8166026	8169337	.	-	0	2226	2226_gene	1.23713726144803	0.003473329637172	0.0226171319915163	NCU00512T0	NCU00512
1283_gene	1283	4960579	4960710	.	+	0	1283	1283_gene	2.05768640094867	0.0002183979427876	0.0023758176225374	NCU03223T1	NCU03223
1488_gene	1488	5616582	5616714	.	-	1	1488	1488_gene	1.23684251493929	9.08363860090866e-07	2.25649810821611e-05	NCU08364T0	NCU08364
2325_gene	2325	8546444	8546586	.	-	2	2325	2325_gene	1.95848077965068	4.48559149308696e-08	1.66395457868544e-06	NCU02969T0	NCU02969
143_gene	143	540065	540343	.	+	0	143	143_gene	1.62132036829619	7.90083647843355e-09	3.58101948105843e-07	NCU07465T0	NCU07465
2525_gene	2525	9273766	9273823	.	+	0	2525	2525_gene	1.20353693748257	6.09308762409524e-06	0.0001174738199764	NCU02767T0	NCU02767
1966_gene	1966	7332880	7333824	.	-	0	1966	1966_gene	1.42850883287657	1.1218134838251e-05	0.0001961560159365	NCU00748T0	NCU00748
1218_gene	1218	4790066	4791808	.	-	0	1218	1218_gene	1.34989517733188	0.0009021229070906	0.0075242438433212	NCU03172T0	NCU03172
1918_gene	1918	7156100	7156169	.	+	0	1918	1918_gene	1.65693393928106	2.10301330246796e-13	1.99381096033981e-11	NCU00792T0	NCU00792
451_gene	451	1763696	1763742	.	+	0	451	451_gene	1.15938120470302	0.0003112077204555	0.0031793514433062	NCU01989T0	NCU01989
929_gene	929	3358850	3359231	.	+	0	929	929_gene	1.15895930159533	8.22856864137223e-06	0.00015266432377	NCU02732T0	NCU02732
856_gene	856	3122315	3123814	.	-	0	856	856_gene	1.50160884124119	8.72056365964611e-08	2.96441792298628e-06	NCU02665T0	NCU02665
1160_gene	1160	4628234	4628524	.	+	0	1160	1160_gene	1.51874159984326	1.57251401017587e-06	3.65999094170213e-05	NCU03120T0	NCU03120
337_gene	337	1298311	1298608	.	-	1	337	337_gene	1.33500124312965	0.0006664339860259	0.0059064569567685	NCU02097T0	NCU02097
820_gene	820	2990412	2992844	.	-	0	820	820_gene	1.33770056069224	0.0020957975458777	0.0151264875956485	NCU02630T0	NCU02630
2194_gene	2194	8066094	8066148	.	+	0	2194	2194_gene	2.03637077759833	0.0034350768570707	0.0223821464318845	NCU10916T0	NCU10916
1032_gene	1032	4126280	4126476	.	-	2	1032	1032_gene	2.47686795130769	1.3540335895530099e-12	1.16604859287007e-10	NCU09811T0	NCU09811
339_gene	339	1308488	1309242	.	-	2	339	339_gene	1.28919871321431	0.0013841638172896	0.0108363249150542	NCU02095T0	NCU02095
1638_gene	1638	6175462	6176399	.	-	2	1638	1638_gene	1.06183065023932	0.0033407611537835	0.0218620942531932	NCU07374T0	NCU07374
1959_gene	1959	7303582	7304606	.	-	2	1959	1959_gene	5.22806845882282	3.32344294598385e-17	5.63023924652412e-15	NCU00754T0	NCU00754
1033_gene	1033	4131500	4131587	.	+	0	1033	1033_gene	1.4366838260856	7.05832353627184e-05	0.0009233001952383	NCU09812T0	NCU09812
554_gene	554	2102458	2102674	.	+	0	554	554_gene	2.41149094776436	0.0058712298842096	0.0345519872570744	NCU01898T1	NCU01898
1177_gene	1177	4677278	4679251	.	+	0	1177	1177_gene	1.21431051548655	0.0077148016352748	0.0426792238004999	NCU03134T0	NCU03134
11_gene	11	53553	54416	.	+	0	11	11_gene	1.15415925485501	2.9516675988208e-06	6.30217623268888e-05	NCU09911T0	NCU09911
1839_gene	1839	6917374	6918318	.	-	0	1839	1839_gene	1.22096719717302	1.50202412466578e-05	0.0002532123540668	NCU00866T0	NCU00866
130_gene	130	491910	493376	.	-	0	130	130_gene	1.26971154358879	0.0005921659534551	0.0053915797030881	NCU07478T0	NCU07478
812_gene	812	2954772	2955411	.	+	0	812	812_gene	3.71708997488294	3.0915156463212505e-58	1.59738613445419e-54	NCU02623T0	NCU02623
2058_gene	2058	7648543	7648572	.	+	0	2058	2058_gene	1.25168141664013	0.0032602871853188	0.0214637081371464	NCU16445T1	NCU16445
2057_gene	2057	7648543	7648572	.	+	0	2057	2057_gene	1.26582073927379	0.0019203460155213	0.0140843546660029	NCU16445T0	NCU16445
142_gene	142	540065	540343	.	+	0	142	142_gene	1.57966923176925	4.6993716542725e-08	1.71601790371915e-06	NCU07465T1	NCU07465
1010_gene	1010	3712525	3714112	.	+	0	1010	1010_gene	1.11361745689857	3.36664869207071e-05	0.0004920926108042	NCU10059T0	NCU10059
344_gene	344	1359311	1359459	.	-	2	344	344_gene	1.11709827662657	6.49543820677906e-11	4.3305715115390206e-09	NCU02090T0	NCU02090
1553_gene	1553	5853014	5853619	.	-	0	1553	1553_gene	2.27616096157323	0.0007300791932466	0.0063187926155873	NCU09211T0	NCU09211
2392_gene	2392	8734346	8734801	.	+	0	2392	2392_gene	1.30157397597361	0.0009482654143529	0.0078583598972925	NCU02906T0	NCU02906
177_gene	177	644751	645023	.	-	0	177	177_gene	1.08662859865624	0.0050829223467248	0.0305389067041017	NCU07432T0	NCU07432
2140_gene	2140	7907813	7907876	.	-	1	2140	2140_gene	1.21497249468482	1.54680897891877e-05	0.0002594922725348	NCU00589T0	NCU00589
997_gene	997	3589957	3590379	.	+	0	997	997_gene	1.37234386191851	9.11152183006149e-05	0.0011344393565283	NCU09363T0	NCU09363
2146_gene	2146	7921219	7922080	.	-	1	2146	2146_gene	1.50863521606903	7.17462721121447e-08	2.48006473028342e-06	NCU00585T0	NCU00585
2184_gene	2184	8030088	8030768	.	-	0	2184	2184_gene	1.27099408700965	4.34430300855026e-10	2.49411262724213e-08	NCU00552T0	NCU00552
2459_gene	2459	8985695	8986258	.	-	0	2459	2459_gene	2.43947792903962	0.0017961845914204	0.0133250334298199	NCU16488T0	NCU16488
2636_gene	2636	9768324	9768629	.	+	0	2636	2636_gene	1.07074235253062	0.0082248463069258	0.0448288827720317	NCU10030T1	NCU10030
527_gene	527	2024978	2025012	.	-	2	527	527_gene	1.2116041587589	0.0036282124129452	0.0234044613454281	NCU11201T0	NCU11201
2198_gene	2198	8088235	8089255	.	+	0	2198	2198_gene	1.15582560518923	0.0015545500162919	0.0119351559200307	NCU00538T0	NCU00538
1948_gene	1948	7267094	7268225	.	+	0	1948	1948_gene	7.04841051900844	0.000234607865033	0.0025202054857081	NCU00763T0	NCU00763
2572_gene	2572	9473593	9474443	.	-	2	2572	2572_gene	2.4149478083045	1.01530512045611e-13	1.0286434426268099e-11	NCU09231T0	NCU09231
9_gene	9	45569	45913	.	-	0	9	9_gene	3.14775543420375	4.81569740505166e-05	0.0006644247928411	NCU09909T0	NCU09909
2038_gene	2038	7573217	7573502	.	+	0	2038	2038_gene	1.2948927888651	3.64284169361733e-10	2.11489472257537e-08	NCU00682T0	NCU00682
783_gene	783	2861789	2861884	.	-	0	783	783_gene	1.4441706345858	2.92884551144228e-06	6.26639534477113e-05	NCU02598T0	NCU02598
1916_gene	1916	7149409	7149667	.	+	0	1916	1916_gene	1.6607178315856	0.0017668509156546	0.0131451672875271	NCU10894T0	NCU10894
1414_gene	1414	5380849	5381023	.	+	0	1414	1414_gene	1.82916459560368	3.02282893177624e-10	1.78502366748432e-08	NCU09115T0	NCU09115
1405_gene	1405	5347160	5347869	.	-	2	1405	1405_gene	1.04495734330315	0.0001770616747488	0.0020129321747575	NCU09108T0	NCU09108
1530_gene	1530	5777647	5777728	.	+	0	1530	1530_gene	1.57894203436312	3.2739178442550002e-12	2.6226873645373003e-10	NCU09192T0	NCU09192
2256_gene	2256	8331555	8332120	.	+	0	2256	2256_gene	2.03680229918888	4.0312249615990197e-11	2.7772452502109503e-09	NCU03043T0	NCU03043
239_gene	239	965953	966300	.	+	0	239	239_gene	1.27339110200258	1.42295032792624e-05	0.0002406672453157	NCU02179T0	NCU02179
1315_gene	1315	5097967	5098033	.	+	0	1315	1315_gene	1.15638443736046	4.50065695602562e-09	2.15323097146152e-07	NCU03257T0	NCU03257
237_gene	237	952740	954620	.	+	0	237	237_gene	1.81251000998547	1.21094721430165e-08	5.25795315655178e-07	NCU02182T0	NCU02182
1748_gene	1748	6632589	6632773	.	+	0	1748	1748_gene	2.06363418698132	3.28754890482019e-13	3.0606784128299e-11	NCU00943T0	NCU00943
1690_gene	1690	6466984	6467120	.	-	2	1690	1690_gene	1.49154497349139	9.00584304095979e-06	0.000163619240992	NCU00992T0	NCU00992
2143_gene	2143	7917882	7918206	.	-	1	2143	2143_gene	1.98685628838786	1.7056406927251599e-16	2.63075983860028e-14	NCU00586T0	NCU00586
909_gene	909	3285126	3285989	.	-	0	909	909_gene	1.59300072496992	1.70508064279353e-06	3.88112408868465e-05	NCU02713T0	NCU02713
583_gene	583	2194873	2195057	.	-	2	583	583_gene	1.21895686532661	0.0037531712894003	0.0240007871934794	NCU01872T0	NCU01872
990_gene	990	3566684	3567054	.	+	0	990	990_gene	1.29635106972554	7.480669427805e-06	0.0001402998872358	NCU09368T0	NCU09368
2126_gene	2126	7870388	7872256	.	-	0	2126	2126_gene	1.29486917206073	0.0013198798407804	0.0103881479623951	NCU00602T0	NCU00602
737_gene	737	2736008	2736059	.	+	0	737	737_gene	1.98934948228571	1.10394685954338e-14	1.32653335424666e-12	NCU02560T0	NCU02560
333_gene	333	1288285	1290111	.	+	0	333	333_gene	1.52623909608471	7.14770854516643e-10	3.9499689896123e-08	NCU02100T0	NCU02100
1263_gene	1263	4911213	4911355	.	+	0	1263	1263_gene	1.45843262406981	0.0015608026169292	0.0119523020430728	NCU03209T0	NCU03209
1064_gene	1064	4252460	4253613	.	-	2	1064	1064_gene	1.67275274330742	6.89859087893879e-17	1.1498393248863501e-14	NCU09321T0	NCU09321
2145_gene	2145	7917882	7918206	.	-	1	2145	2145_gene	1.96826190454208	4.73281108409399e-15	5.82248449321753e-13	NCU00586T2	NCU00586
1295_gene	1295	5002034	5003814	.	-	2	1295	1295_gene	3.45253539522899	2.70858479089503e-08	1.06427814559351e-06	NCU03235T0	NCU03235
668_gene	668	2537429	2538595	.	+	0	668	668_gene	3.91145340051072	2.69196176374007e-23	9.27291095549662e-21	NCU02502T0	NCU02502
714_gene	714	2669229	2669699	.	-	0	714	714_gene	1.79369817458574	1.9245006606096302e-09	9.89442279937307e-08	NCU02540T0	NCU02540
1366_gene	1366	5222692	5223278	.	-	2	1366	1366_gene	1.64994169737218	0.0002296798274368	0.0024724076424297	NCU03297T1	NCU03297
584_gene	584	2196759	2196839	.	+	0	584	584_gene	1.96704639449596	2.68972019266729e-08	1.06089955996274e-06	NCU01871T0	NCU01871
789_gene	789	2871942	2872507	.	-	2	789	789_gene	1.9378648875895	3.43784404675605e-06	7.19163570428686e-05	NCU02603T0	NCU02603
155_gene	155	571276	571565	.	-	2	155	155_gene	1.94622784546147	0.0060145065513256	0.0352602914492194	NCU07454T0	NCU07454
1535_gene	1535	5794433	5794950	.	-	2	1535	1535_gene	1.22707744189901	0.0085756920957519	0.0462532370133092	NCU09197T0	NCU09197
2493_gene	2493	9118068	9121265	.	+	0	2493	2493_gene	34.8911888810328	2.1227762624577e-16	3.2215429042446904e-14	NCU02793T2	NCU02793
157_gene	157	576205	577509	.	-	0	157	157_gene	2.84088379052645	1.86616941009132e-08	7.71399787355347e-07	NCU07452T0	NCU07452
1259_gene	1259	4903727	4903738	.	+	0	1259	1259_gene	2.39224454012813	3.60861681360084e-13	3.300127978031069e-11	NCU03205T0	NCU03205
2213_gene	2213	8130742	8131724	.	-	2	2213	2213_gene	1.02466568734416	7.0385118321379e-08	2.45729666463895e-06	NCU00523T0	NCU00523
365_gene	365	1462848	1463339	.	+	0	365	365_gene	2.5043465747657	0.0025315333490128	0.0176762605599318	NCU02071T0	NCU02071
1282_gene	1282	4960253	4960283	.	+	0	1282	1282_gene	1.02147455490625	0.0077391997374242	0.0427683904206108	NCU03223T0	NCU03223
505_gene	505	1923233	1923590	.	-	1	505	505_gene	1.29150426005287	0.0071016120891941	0.0400152995254812	NCU01942T0	NCU01942
1327_gene	1327	5132654	5133144	.	-	2	1327	1327_gene	1.08847272171145	0.0070645957324166	0.0399185750556912	NCU03267T0	NCU03267
1549_gene	1549	5838532	5839120	.	+	0	1549	1549_gene	1.05180281114256	0.0001928921976924	0.0021561990349747	NCU09207T0	NCU09207
1945_gene	1945	7252480	7252998	.	-	0	1945	1945_gene	1.58566588875019	8.6772434766696e-21	2.35975352862904e-18	NCU00766T0	NCU00766
738_gene	738	2738075	2738492	.	+	0	738	738_gene	1.02214266894667	0.0001108401313079	0.0013523281191697	NCU02561T0	NCU02561
2596_gene	2596	9608358	9608577	.	-	1	2596	2596_gene	2.54183160390276	0.0015367606310106	0.0118249780850524	NCU08614T0	NCU08614
1743_gene	1743	6616034	6616131	.	-	2	1743	1743_gene	2.2754052220711	2.57184296193407e-05	0.0003972709292769	NCU00948T0	NCU00948
404_gene	404	1608107	1609626	.	-	2	404	404_gene	1.47690048240255	0.0020016071390789	0.0145563745075592	NCU02035T0	NCU02035
1065_gene	1065	4256658	4256674	.	+	0	1065	1065_gene	1.72064046234071	1.53072195443997e-06	3.57884178216803e-05	NCU09320T0	NCU09320
1440_gene	1440	5455724	5457505	.	+	0	1440	1440_gene	1.01738635365227	0.0002140893551771	0.0023436434283905	NCU09135T0	NCU09135
1288_gene	1288	4976460	4976885	.	-	0	1288	1288_gene	1.68593798900814	0.0049477834366346	0.0299533649878048	NCU03228T0	NCU03228
1604_gene	1604	6048491	6049939	.	+	0	1604	1604_gene	1.00449476146689	1.08058241904254e-05	0.0001905586812011	NCU07405T0	NCU07405
476_gene	476	1832558	1832723	.	+	0	476	476_gene	1.29409041808824	1.31238814336866e-05	0.0002245400508869	NCU01968T0	NCU01968
851_gene	851	3099220	3099675	.	-	0	851	851_gene	1.03759962279039	6.59217218682937e-06	0.0001256891280049	NCU02660T0	NCU02660
1445_gene	1445	5468411	5470306	.	+	0	1445	1445_gene	1.33258436437782	0.0028462054296046	0.0194015085155239	NCU09140T0	NCU09140
561_gene	561	2129252	2129425	.	-	0	561	561_gene	1.27361329463902	0.0006050695573785	0.0054849024613598	NCU01891T0	NCU01891
1609_gene	1609	6061629	6061814	.	+	0	1609	1609_gene	1.20095177838528	0.0002868102577348	0.0029847907386026	NCU07401T0	NCU07401
434_gene	434	1703238	1704434	.	-	0	434	434_gene	4.82420335141405	6.83442971298732e-123	7.06269966540109e-119	NCU02005T0	NCU02005
1126_gene	1126	4512970	4513419	.	-	0	1126	1126_gene	1.71114435007766	2.79710400804957e-05	0.0004234015295815	NCU16386T0	NCU16386
2195_gene	2195	8068481	8069752	.	+	0	2195	2195_gene	1.29462799453597	4.213348489241e-05	0.0005923910651403	NCU00542T0	NCU00542
691_gene	691	2609315	2609315	.	+	0	691	691_gene	2.02952377996647	1.92020984786682e-11	1.3974259554828e-09	NCU02523T0	NCU02523
1958_gene	1958	7298899	7300201	.	+	0	1958	1958_gene	2.7120916669029	2.16412902953235e-14	2.51282127990869e-12	NCU00755T0	NCU00755
2464_gene	2464	9015411	9016013	.	-	0	2464	2464_gene	6.79365320554999	2.44235370394492e-05	0.0003806830041714	NCU02817T0	NCU02817
409_gene	409	1627789	1628220	.	+	0	409	409_gene	1.10672160620123	0.0080469846490552	0.0439986980758398	NCU02030T0	NCU02030
38_gene	38	163963	164007	.	+	0	38	38_gene	2.8266968417341	1.00034381257783e-16	1.64088142209195e-14	NCU08069T0	NCU08069
741_gene	741	2745978	2747348	.	-	0	741	741_gene	1.27382675870576	0.0044746174207568	0.0277222400636097	NCU02564T0	NCU02564
1861_gene	1861	6971808	6972875	.	+	0	1861	1861_gene	1.32136536448498	7.13937137440753e-07	1.84445659457819e-05	NCU00847T0	NCU00847
2181_gene	2181	8019696	8020922	.	-	0	2181	2181_gene	1.05629104219107	0.0001221890595194	0.0014733975975192	NCU16454T0	NCU16454
502_gene	502	1906728	1906752	.	+	0	502	502_gene	1.15183802302927	1.52281901047657e-07	4.81248062821557e-06	NCU01945T0	NCU01945
2042_gene	2042	7586825	7588621	.	-	0	2042	2042_gene	1.01374503028162	0.0049673652983864	0.0300533713254298	NCU00678T0	NCU00678
1308_gene	1308	5049646	5050090	.	-	1	1308	1308_gene	1.83643376372951	9.44082483332384e-08	3.16758064375223e-06	NCU03247T0	NCU03247
1917_gene	1917	7151516	7151538	.	+	0	1917	1917_gene	1.41912526430674	1.41998296277921e-05	0.0002405590809403	NCU00793T0	NCU00793
1756_gene	1756	6663858	6664111	.	+	0	1756	1756_gene	1.01665696757941	7.96304649297198e-06	0.0001482704909159	NCU00938T0	NCU00938
12_gene	12	55262	56845	.	+	0	12	12_gene	2.29234924322259	7.42533373401548e-29	4.7958374254572497e-26	NCU09912T0	NCU09912
1227_gene	1227	4808279	4809040	.	-	0	1227	1227_gene	4.23945330686963	1.9662450552021e-06	4.3791328449264e-05	NCU03176T1	NCU03176
522_gene	522	1997390	1997497	.	+	0	522	522_gene	1.77875649332496	1.19926253017642e-06	2.86879143213962e-05	NCU01926T0	NCU01926
303_gene	303	1165644	1165915	.	+	0	303	303_gene	1.38372181701682	2.96593131770895e-06	6.31335319238582e-05	NCU02124T0	NCU02124
1838_gene	1838	6916137	6916578	.	+	0	1838	1838_gene	1.13287405943372	2.02466313871304e-09	1.03578558789409e-07	NCU00867T0	NCU00867
1909_gene	1909	7127315	7128967	.	-	0	1909	1909_gene	1.05438296205377	0.0049907824099108	0.030143042328474	NCU00800T0	NCU00800
521_gene	521	1997390	1997497	.	+	0	521	521_gene	1.78778316769219	8.40636782802822e-07	2.11593670339818e-05	NCU01926T1	NCU01926
2199_gene	2199	8094561	8095283	.	-	0	2199	2199_gene	1.38106486854394	2.8807212994425e-05	0.0004323932983245	NCU00537T0	NCU00537
1546_gene	1546	5827049	5827321	.	+	0	1546	1546_gene	1.08210020596935	3.35704886982295e-08	1.29446802316233e-06	NCU09205T0	NCU09205
629_gene	629	2411252	2411360	.	+	0	629	629_gene	19.833663026556	3.09306019417015e-06	6.52320082582741e-05	NCU02466T1	NCU02466
2343_gene	2343	8604284	8604374	.	+	0	2343	2343_gene	1.03737358438913	3.74949721392768e-05	0.0005385898357887	NCU02952T0	NCU02952
582_gene	582	2191189	2191528	.	-	1	582	582_gene	8.15462901818546	8.41860419375286e-07	2.11593670339818e-05	NCU01873T0	NCU01873
1597_gene	1597	6028808	6029707	.	+	0	1597	1597_gene	1.4033459039768	9.77685285779421e-08	3.25916120749824e-06	NCU07411T0	NCU07411
26_gene	26	128735	128949	.	+	0	26	26_gene	1.15093493680183	4.62660501584089e-08	1.7015332007925e-06	NCU08057T0	NCU08057
1464_gene	1464	5549400	5550128	.	+	0	1464	1464_gene	2.46133810700452	0.0046191031308962	0.0284615667175907	NCU08380T2	NCU08380
1203_gene	1203	4750710	4751156	.	+	0	1203	1203_gene	1.48626406343622	0.0035577655823807	0.0230652130039663	NCU03157T0	NCU03157
1840_gene	1840	6919628	6921082	.	+	0	1840	1840_gene	3.20719120753714	6.82214941248859e-24	2.43103765616059e-21	NCU00865T0	NCU00865
1557_gene	1557	5876563	5876875	.	+	0	1557	1557_gene	2.05616627438334	8.00814486786667e-05	0.0010226879802464	NCU09214T0	NCU09214
247_gene	247	992398	993075	.	+	0	247	247_gene	1.87936917782309	1.50572297988261e-05	0.0002534224963209	NCU02174T0	NCU02174
2144_gene	2144	7917882	7918206	.	-	1	2144	2144_gene	1.98659075862603	3.81558540947446e-16	5.4764249474318204e-14	NCU00586T1	NCU00586
156_gene	156	574657	574716	.	+	0	156	156_gene	3.03052672192393	1.36337219477252e-21	4.14384948846449e-19	NCU07453T0	NCU07453
1877_gene	1877	7024705	7025124	.	+	0	1877	1877_gene	1.97102332138926	1.66453241964439e-06	3.79719161691062e-05	NCU00832T0	NCU00832
2354_gene	2354	8629894	8630958	.	+	0	2354	2354_gene	1.01155346419903	7.23917334782703e-08	2.49365391254815e-06	NCU02942T0	NCU02942
1309_gene	1309	5056553	5056656	.	-	2	1309	1309_gene	1.72035253110099	0.0079054630364495	0.0434317145234818	NCU03248T0	NCU03248
1619_gene	1619	6095513	6097443	.	-	2	1619	1619_gene	1.56487862460846	3.78777893917278e-16	5.4764249474318204e-14	NCU07392T0	NCU07392
1904_gene	1904	7114066	7115411	.	+	0	1904	1904_gene	1.49820255520346	2.53770685802084e-12	2.08132243418947e-10	NCU00803T0	NCU00803
1219_gene	1219	4793928	4795032	.	-	1	1219	1219_gene	1.44482740509075	0.0021656391935202	0.0155199136101516	NCU03173T0	NCU03173
472_gene	472	1819380	1819508	.	-	0	472	472_gene	1.38372137456285	0.000727278617651	0.006305115129871	NCU01972T0	NCU01972
2204_gene	2204	8106187	8106191	.	+	0	2204	2204_gene	5.5026463362282	0.0069923035313338	0.0397024531279144	NCU00532T0	NCU00532
1982_gene	1982	7383350	7383940	.	+	0	1982	1982_gene	3.92786255023843	0.0001936703252147	0.0021613273658419	NCU00733T0	NCU00733
2120_gene	2120	7853920	7854066	.	+	0	2120	2120_gene	1.38068229164653	4.03084159473813e-08	1.50922887826173e-06	NCU00608T0	NCU00608
1347_gene	1347	5174419	5174475	.	+	0	1347	1347_gene	1.20082158044476	8.2049718421606e-05	0.0010401610313581	NCU03284T0	NCU03284
2469_gene	2469	9041765	9042442	.	-	0	2469	2469_gene	1.30124733523838	0.006348142598703	0.0368135272811432	NCU02811T0	NCU02811
2200_gene	2200	8096632	8098209	.	+	0	2200	2200_gene	2.07917601234482	2.37777304927059e-14	2.7002095265013498e-12	NCU00536T0	NCU00536
1108_gene	1108	4470293	4470412	.	+	0	1108	1108_gene	1.01521705083955	0.0092333022300622	0.0489317667925454	NCU03078T0	NCU03078
566_gene	566	2148869	2149006	.	-	0	566	566_gene	3.24746486732375	9.499696791650561e-09	4.26825507151813e-07	NCU10570T0	NCU10570
1367_gene	1367	5222692	5223278	.	-	2	1367	1367_gene	1.66313311733821	0.0001886406881838	0.0021189270344476	NCU03297T2	NCU03297
1365_gene	1365	5222692	5223278	.	-	2	1365	1365_gene	1.63701979491371	0.0002778892460841	0.0029007146151852	NCU03297T0	NCU03297
1621_gene	1621	6112190	6112204	.	+	0	1621	1621_gene	1.40457995784552	3.40913712616761e-06	7.14604930259962e-05	NCU07389T0	NCU07389
2479_gene	2479	9070170	9070319	.	+	0	2479	2479_gene	1.47179544716532	0.0015948712108937	0.0121008803916121	NCU02802T0	NCU02802
2259_gene	2259	8348756	8349986	.	-	1	2259	2259_gene	1.241764774369	2.31738504760153e-05	0.0003650587969804	NCU03040T0	NCU03040
455_gene	455	1775399	1775567	.	+	0	455	455_gene	3.46882438073134	2.24535639275947e-37	2.90043912034704e-34	NCU01985T0	NCU01985
190_gene	190	747758	748971	.	-	2	190	190_gene	1.24952391787594	0.0069111017818384	0.0393278225845364	NCU09069T0	NCU09069
1936_gene	1936	7220527	7220701	.	-	1	1936	1936_gene	2.96607471804191	0.0003682680025215	0.0036348438758904	NCU00773T0	NCU00773
2634_gene	2634	9766144	9766493	.	-	2	2634	2634_gene	1.03928060898934	3.27449721692057e-10	1.92265080907143e-08	NCU10029T0	NCU10029
854_gene	854	3109341	3109709	.	+	0	854	854_gene	1.49456326222114	3.45543304568495e-08	1.32253500348549e-06	NCU02663T0	NCU02663
1946_gene	1946	7256383	7256544	.	+	0	1946	1946_gene	2.72859751731267	0.0012425316745755	0.0099231561710881	NCU00765T0	NCU00765
1860_gene	1860	6968177	6969913	.	+	0	1860	1860_gene	2.78069252795106	5.12310401179816e-06	0.0001015221536917	NCU00848T0	NCU00848
1050_gene	1050	4207034	4207187	.	+	0	1050	1050_gene	1.03903207196892	1.93832198401274e-08	7.91724086276192e-07	NCU09331T0	NCU09331
618_gene	618	2356304	2356468	.	+	0	618	618_gene	1.25930908594183	1.65798849806568e-06	3.79063122544484e-05	NCU09975T1	NCU09975
2490_gene	2490	9105406	9106058	.	-	2	2490	2490_gene	2.61116618568041	2.40709193445221e-07	7.16855563418708e-06	NCU10987T0	NCU10987
2453_gene	2453	8957686	8958504	.	+	0	2453	2453_gene	1.24456042858198	8.83053199636545e-08	2.97641027603219e-06	NCU02834T0	NCU02834
10_gene	10	49272	50967	.	-	1	10	10_gene	1.45824352708427	2.97679032483448e-05	0.00044374763097	NCU09910T0	NCU09910
1622_gene	1622	6120707	6122401	.	+	0	1622	1622_gene	1.21423199986368	0.0002619509730334	0.0027622462809463	NCU07388T0	NCU07388
735_gene	735	2731855	2731910	.	+	0	735	735_gene	1.27595462871881	4.35273766871517e-06	8.79947390644949e-05	NCU02558T0	NCU02558
1000_gene	1000	3664545	3664776	.	+	0	1000	1000_gene	1.06166045658234	2.69758987214304e-05	0.0004123800848923	NCU09999T0	NCU09999
1196_gene	1196	4732008	4732184	.	-	0	1196	1196_gene	1.05299824457105	0.0001311438034302	0.0015577472007456	NCU03151T0	NCU03151
1161_gene	1161	4628234	4628524	.	+	0	1161	1161_gene	1.48965060822216	2.54023305673631e-06	5.48032743388581e-05	NCU03120T1	NCU03120
39_gene	39	171263	171365	.	-	1	39	39_gene	1.27675254570215	3.4431455824781e-13	3.17691664726149e-11	NCU08070T0	NCU08070
555_gene	555	2106257	2107026	.	-	2	555	555_gene	1.39481770851715	1.22023489483794e-05	0.0002108680167768	NCU01897T0	NCU01897
2276_gene	2276	8412738	8415056	.	-	0	2276	2276_gene	1.12642728443433	0.002157017442782	0.0154903531992424	NCU03022T0	NCU03022
2097_gene	2097	7762760	7763055	.	+	0	2097	2097_gene	1.67657160186004	0.0012688038104189	0.0100705211803909	NCU00630T0	NCU00630
2322_gene	2322	8538545	8538581	.	+	0	2322	2322_gene	1.70495196532418	0.000262511748016	0.0027639814840134	NCU02973T0	NCU02973
1246_gene	1246	4867888	4867928	.	+	0	1246	1246_gene	1.06661687405731	2.34468106273563e-06	5.12260763262368e-05	NCU03195T0	NCU03195
298_gene	298	1153219	1153596	.	-	0	298	298_gene	1.16301900017811	3.23997727950642e-05	0.0004769582195334	NCU02128T1	NCU02128
447_gene	447	1749667	1750669	.	-	1	447	447_gene	1.30361738422241	3.87668588321739e-07	1.07692666444001e-05	NCU01993T0	NCU01993
364_gene	364	1459392	1460486	.	-	0	364	364_gene	1.43783478006458	0.0025768977895498	0.0179445160089006	NCU02073T0	NCU02073
1935_gene	1935	7218184	7219288	.	-	1	1935	1935_gene	1.03421093810005	0.0028807012195788	0.0195079727412374	NCU00774T0	NCU00774
1_gene	1	1436	1449	.	-	2	1	1_gene	1.4038114621955	0.0010465790853866	0.008597256175187	NCU10129T0	NCU10129
1404_gene	1404	5347160	5347869	.	-	2	1404	1404_gene	1.02795574415037	0.0004373100899953	0.0041882877386576	NCU09108T1	NCU09108
2345_gene	2345	8608632	8608669	.	+	0	2345	2345_gene	1.78963348335433	0.0004571285244869	0.0043259763480296	NCU02950T0	NCU02950
1174_gene	1174	4667349	4668486	.	-	1	1174	1174_gene	1.62213996126177	1.90937900236445e-05	0.00030878752129	NCU03131T0	NCU03131
585_gene	585	2196759	2196839	.	+	0	585	585_gene	1.95551984753809	4.64323942929635e-08	1.7015332007925e-06	NCU01871T1	NCU01871
2265_gene	2265	8363029	8364072	.	-	0	2265	2265_gene	1.80054514742245	1.2866079668614e-08	5.53991947064405e-07	NCU03035T0	NCU03035
1742_gene	1742	6604294	6609572	.	-	2	1742	1742_gene	1.27608125783474	0.0018410460764805	0.0136058003634309	NCU00949T0	NCU00949
3032_gene	3032	1694106	1694139	.	-	1	3032	3032_gene	5.71317099702406	0.0030733739550039	0.0204772704390782	NCU16538T0	NCU16538
2912_gene	2912	1028942	1030063	.	+	0	2912	2912_gene	1.59543006219022	9.11860499221559e-06	0.0001647406713104	NCU11245T0	NCU11245
2909_gene	2909	1021430	1022585	.	+	0	2909	2909_gene	1.42707584167867	9.86191094938553e-07	2.42073605109145e-05	NCU03348T0	NCU03348
2696_gene	2696	225731	226501	.	-	0	2696	2696_gene	1.10119798377828	6.1329040510850304e-09	2.83301885141855e-07	NCU03561T0	NCU03561
3192_gene	3192	2306090	2306095	.	-	0	3192	3192_gene	2.17150109742572	0.0003789199558713	0.0037222042052987	NCU01819T1	NCU01819
2758_gene	2758	467621	467741	.	+	0	2758	2758_gene	1.85280569002497	8.66845298415511e-14	8.95797931382589e-12	NCU03500T0	NCU03500
3600_gene	3600	3810719	3811081	.	-	0	3600	3600_gene	1.33750067392241	7.67322271473469e-05	0.0009885434932516	NCU08727T1	NCU08727
3354_gene	3354	2805477	2805514	.	+	0	3354	3354_gene	3.48879325668648	8.391587405496e-07	2.11593670339818e-05	NCU01652T0	NCU01652
3373_gene	3373	2888377	2888522	.	+	0	3373	3373_gene	3.7400154967807	1.05033536914715e-20	2.68987604490067e-18	NCU01633T0	NCU01633
3570_gene	3570	3595779	3597470	.	+	0	3570	3570_gene	1.40552869813429	0.0015253727700701	0.0117717383195501	NCU08448T0	NCU08448
3641_gene	3641	3981137	3981454	.	+	0	3641	3641_gene	6.73124035788952	0.0012338431431674	0.0098764795054161	NCU08415T0	NCU08415
2941_gene	2941	1377763	1377821	.	-	2	2941	2941_gene	9.01485431472909	5.09442138507763e-08	1.82797745115945e-06	NCU05343T1	NCU05343
3189_gene	3189	2293837	2294108	.	+	0	3189	3189_gene	2.06995908365608	1.20302257428838e-10	7.62701551085653e-09	NCU01821T0	NCU01821
3599_gene	3599	3810719	3811081	.	-	0	3599	3599_gene	1.42557724830755	5.78703139630397e-05	0.0007786872714766	NCU08727T0	NCU08727
3287_gene	3287	2600306	2600428	.	+	0	3287	3287_gene	2.31756087799607	0.0003593317480787	0.0035602438011939	NCU01735T0	NCU01735
3574_gene	3574	3724021	3724221	.	+	0	3574	3574_gene	1.04249615806569	6.03219725153835e-06	0.0001165172456026	NCU08699T0	NCU08699
2887_gene	2887	942330	943478	.	+	0	2887	2887_gene	1.6121628977078	2.65297901499531e-08	1.05041705520926e-06	NCU03369T0	NCU03369
3124_gene	3124	2015817	2015994	.	+	0	3124	3124_gene	1.04070893379057	0.0030065090039387	0.0201095560172835	NCU06765T0	NCU06765
3191_gene	3191	2306090	2306095	.	-	0	3191	3191_gene	2.15404916857696	0.0003267098941148	0.0033100196527285	NCU01819T0	NCU01819
2966_gene	2966	1457886	1458780	.	+	0	2966	2966_gene	1.64916210300901	2.37171409651746e-05	0.0003730486069012	NCU05377T0	NCU05377
3661_gene	3661	4053826	4054394	.	-	2	3661	3661_gene	1.05172294769807	0.0002928974632943	0.0030268023856842	NCU08434T0	NCU08434
2938_gene	2938	1368213	1369346	.	+	0	2938	2938_gene	1.68085612136093	5.74253650400329e-07	1.52162492903513e-05	NCU05340T0	NCU05340
3639_gene	3639	3978192	3978594	.	+	0	3639	3639_gene	1.682076487768	4.93974914892914e-14	5.26261522732306e-12	NCU08413T0	NCU08413
3717_gene	3717	4307112	4308131	.	-	0	3717	3717_gene	1.58240554830997	2.41048921812544e-05	0.0003768531857807	NCU11417T0	NCU11417
3733_gene	3733	4367027	4367132	.	+	0	3733	3733_gene	6.23768457868117	0.0048781704109999	0.0296147759143884	NCU09464T0	NCU09464
3473_gene	3473	3222375	3222450	.	-	1	3473	3473_gene	1.98332752483124	1.72472467613647e-11	1.2730932002281602e-09	NCU01514T0	NCU01514
3477_gene	3477	3234365	3236470	.	-	0	3477	3477_gene	1.67389132149651	6.13414808987187e-06	0.0001178258110794	NCU01509T0	NCU01509
2848_gene	2848	825932	826596	.	+	0	2848	2848_gene	1.31646446558346	5.31346087449307e-05	0.0007224908510133	NCU03408T0	NCU03408
3681_gene	3681	4178109	4178143	.	+	0	3681	3681_gene	2.80002525599444	1.48699642813167e-57	5.1222070294375505e-54	NCU09345T1	NCU09345
3668_gene	3668	4077273	4077725	.	+	0	3668	3668_gene	9.29052503898677	9.819226184105169e-13	8.59931215140194e-11	NCU08441T0	NCU08441
3682_gene	3682	4178109	4178143	.	+	0	3682	3682_gene	2.77370246309402	5.9454518399483775e-56	1.53600748285066e-52	NCU09345T0	NCU09345
3395_gene	3395	2986231	2987316	.	-	0	3395	3395_gene	1.19239766094306	0.0003331332343294	0.0033619129331647	NCU01598T0	NCU01598
3181_gene	3181	2262906	2264144	.	-	0	3181	3181_gene	1.09635087504567	2.43145055551671e-05	0.000379556042911	NCU01830T0	NCU01830
2739_gene	2739	402036	402840	.	+	0	2739	2739_gene	1.58744948571312	0.0001134824998333	0.0013829341430158	NCU03518T0	NCU03518
3427_gene	3427	3086648	3086956	.	-	0	3427	3427_gene	1.04805583221044	0.000299201400873	0.0030826991790852	NCU01559T0	NCU01559
3624_gene	3624	3937421	3938350	.	-	0	3624	3624_gene	2.65894356323944	5.7141509925905e-18	1.1141516293854802e-15	NCU08402T0	NCU08402
3667_gene	3667	4074439	4074707	.	-	2	3667	3667_gene	1.67264089162699	1.25905279023235e-05	0.0002164900421674	NCU08440T0	NCU08440
3683_gene	3683	4178109	4178143	.	+	0	3683	3683_gene	2.74700556997159	7.10821532278775e-54	1.46912594291377e-50	NCU09345T2	NCU09345
3465_gene	3465	3204624	3204837	.	-	1	3465	3465_gene	2.09140774955589	0.0001976968220602	0.0021967730743775	NCU01521T0	NCU01521
3078_gene	3078	1869131	1870729	.	+	0	3078	3078_gene	2.27144614789062	5.47092051895378e-06	0.0001072798721876	NCU06815T0	NCU06815
2749_gene	2749	436772	437506	.	+	0	2749	2749_gene	1.11402322315796	0.0037392545984662	0.0239265987743345	NCU16502T0	NCU16502
2886_gene	2886	940195	940254	.	+	0	2886	2886_gene	1.15794436924678	2.99936413783842e-05	0.0004459773956895	NCU03370T1	NCU03370
2932_gene	2932	1081730	1082036	.	+	0	2932	2932_gene	1.06687979544898	0.0029431181323508	0.0198059054080732	NCU03331T0	NCU03331
3233_gene	3233	2440386	2440413	.	-	1	3233	3233_gene	1.31832128530495	5.08597907203165e-09	2.41094072157684e-07	NCU01788T0	NCU01788
3366_gene	3366	2859550	2860441	.	+	0	3366	3366_gene	1.71447929701113	4.48704287246155e-07	1.22345913044902e-05	NCU01640T0	NCU01640
2908_gene	2908	1011385	1015315	.	-	1	2908	2908_gene	1.35687290099697	1.08474465444063e-05	0.0001907097499225	NCU03350T0	NCU03350
3687_gene	3687	4192303	4192445	.	+	0	3687	3687_gene	1.55974920009337	0.0030191681381731	0.0201460091813065	NCU09348T0	NCU09348
3491_gene	3491	3286089	3286500	.	+	0	3491	3491_gene	1.67530355770063	1.61777234296336e-05	0.0002679176184644	NCU01494T0	NCU01494
3080_gene	3080	1874651	1876589	.	-	1	3080	3080_gene	23.9948159994449	8.61353588681115e-25	3.7088449939294297e-22	NCU06812T0	NCU06812
3632_gene	3632	3961642	3962897	.	-	2	3632	3632_gene	1.27460372293669	0.0002591099487649	0.0027378754708971	NCU08408T0	NCU08408
2648_gene	2648	36669	37860	.	-	1	2648	2648_gene	1.28592135833808	0.000216739481788	0.0023701437087801	NCU09621T0	NCU09621
3337_gene	3337	2756072	2757048	.	-	2	3337	3337_gene	1.35401529647717	0.0075874980469436	0.0421781628924777	NCU01668T1	NCU01668
3551_gene	3551	3525395	3525788	.	+	0	3551	3551_gene	1.94665884833133	0.0012425550692266	0.0099231561710881	NCU08476T0	NCU08476
3580_gene	3580	3744544	3747403	.	+	0	3580	3580_gene	1.21509838194589	0.0006287575791909	0.005640261131388	NCU08705T0	NCU08705
2885_gene	2885	940171	940254	.	+	0	2885	2885_gene	1.16910936967404	2.79401111329905e-05	0.0004234015295815	NCU03370T0	NCU03370
3666_gene	3666	4067836	4071786	.	-	0	3666	3666_gene	2.58439364209854	0.0005377132732763	0.0049437090445176	NCU08439T0	NCU08439
4864_gene	4864	4164998	4165276	.	-	0	4864	4864_gene	1.00410102334013	0.0015598693982702	0.0119523020430728	NCU08994T0	NCU08994
4307_gene	4307	2358051	2358304	.	-	2	4307	4307_gene	1.193224985595	2.03465252955858e-07	6.16601150746579e-06	NCU00035T0	NCU00035
3894_gene	3894	523808	524392	.	+	0	3894	3894_gene	2.25766005695877	0.0013081417089588	0.0103114694282078	NCU05692T0	NCU05692
4842_gene	4842	4107339	4107911	.	-	0	4842	4842_gene	1.72736996971123	1.3175386298274e-06	3.13719912457059e-05	NCU08976T0	NCU08976
4470_gene	4470	2900703	2900859	.	-	1	4470	4470_gene	4.34063305488322	1.0166931524241e-10	6.485498171080631e-09	NCU16664T0	NCU16664
4215_gene	4215	1991506	1992468	.	-	0	4215	4215_gene	1.56570703724006	0.0009966290851452	0.0082130502120342	NCU06232T0	NCU06232
4306_gene	4306	2356790	2357731	.	+	0	4306	4306_gene	4.78237404739368	3.44771889324889e-07	9.78811182495441e-06	NCU00034T0	NCU00034
4557_gene	4557	3173124	3173322	.	+	0	4557	4557_gene	1.03534295351865	0.0085968440739771	0.0463288582059901	NCU00250T0	NCU00250
4550_gene	4550	3154257	3154544	.	+	0	4550	4550_gene	2.06492031798869	8.50678681595625e-07	2.12855048319835e-05	NCU00244T1	NCU00244
4047_gene	4047	1369654	1370448	.	-	0	4047	4047_gene	1.6024233857781	8.84224844921504e-08	2.97641027603219e-06	NCU06425T0	NCU06425
4483_gene	4483	2932611	2932748	.	+	0	4483	4483_gene	3.71445915080202	2.07002316594645e-24	7.9228219988483795e-22	NCU00187T0	NCU00187
4015_gene	4015	1231530	1231765	.	-	2	4015	4015_gene	1.99275767111646	1.61160281620538e-08	6.74263299703095e-07	NCU07884T0	NCU07884
4698_gene	4698	3646539	3647078	.	+	0	4698	4698_gene	6.33475353534955	0.0005955263302343	0.0054126377279172	NCU00380T0	NCU00380
4695_gene	4695	3636353	3638243	.	-	1	4695	4695_gene	1.02981637732869	4.63649142122479e-08	1.7015332007925e-06	NCU00377T0	NCU00377
4908_gene	4908	4323001	4323378	.	+	0	4908	4908_gene	1.68626927365031	5.42089053737755e-07	1.45884069826197e-05	NCU07569T0	NCU07569
5076_gene	5076	4942498	4942773	.	+	0	5076	5076_gene	6.40746452902672	0.0004067019796917	0.0039500547538861	NCU08555T0	NCU08555
5120_gene	5120	5112007	5112324	.	+	0	5120	5120_gene	1.07133193402373	0.0003169126010443	0.0032265761765437	NCU08791T0	NCU08791
4947_gene	4947	4470663	4471101	.	+	0	4947	4947_gene	2.10488025276132	0.0003372256653513	0.0033998927080402	NCU07533T0	NCU07533
4532_gene	4532	3093225	3094196	.	+	0	4532	4532_gene	1.01505520016784	0.0008726643759633	0.0073139607957869	NCU00230T0	NCU00230
4107_gene	4107	1552645	1552700	.	+	0	4107	4107_gene	1.91442920577952	0.0001802810277276	0.0020427896277825	NCU06479T0	NCU06479
4250_gene	4250	2106055	2106458	.	-	2	4250	4250_gene	1.7561495384099	2.76632668246433e-13	2.598838176053309e-11	NCU06261T0	NCU06261
4019_gene	4019	1240577	1241105	.	-	1	4019	4019_gene	1.42610366633967	4.61270481228709e-05	0.0006432886846177	NCU07888T0	NCU07888
4386_gene	4386	2640136	2640180	.	+	0	4386	4386_gene	1.17975447075233	9.5748150156216e-07	2.36713249692425e-05	NCU00105T0	NCU00105
3982_gene	3982	1111042	1111148	.	-	2	3982	3982_gene	3.57523775823962	1.43256218052368e-18	3.08418699448577e-16	NCU07853T0	NCU07853
4094_gene	4094	1506902	1506936	.	+	0	4094	4094_gene	1.01000476798213	0.0002409688612148	0.0025671878472101	NCU06467T0	NCU06467
4464_gene	4464	2871449	2872166	.	+	0	4464	4464_gene	1.35897430502169	7.44473616171011e-05	0.0009628773904269	NCU00168T0	NCU00168
4407_gene	4407	2687917	2688220	.	+	0	4407	4407_gene	1.14773462211551	0.0007067613646321	0.0061738562486129	NCU00121T0	NCU00121
4648_gene	4648	3484092	3485160	.	-	1	4648	4648_gene	1.24009876603793	5.28235758766689e-05	0.0007192079487608	NCU00332T0	NCU00332
4950_gene	4950	4485804	4486239	.	+	0	4950	4950_gene	2.18644667719507	1.56315855828624e-05	0.0002613864165263	NCU07530T0	NCU07530
4593_gene	4593	3309331	3310065	.	-	0	4593	4593_gene	1.99154619266285	0.0047827020750076	0.0292452326882422	NCU00284T0	NCU00284
4135_gene	4135	1674323	1674542	.	+	0	4135	4135_gene	1.78518145762916	3.72077056347991e-08	1.40844113564108e-06	NCU06506T0	NCU06506
4827_gene	4827	4042059	4042271	.	+	0	4827	4827_gene	5.8035695614336	0.0026245606246664	0.018215050030425	NCU00491T0	NCU00491
4913_gene	4913	4347561	4347730	.	-	2	4913	4913_gene	2.51506611984198	5.67046564670383e-27	2.92992959965187e-24	NCU07563T0	NCU07563
4371_gene	4371	2575551	2577251	.	+	0	4371	4371_gene	1.25605647647429	1.63335566906994e-05	0.0002696341451145	NCU00089T0	NCU00089
4151_gene	4151	1774275	1775118	.	+	0	4151	4151_gene	1.40915330149445	0.0004907922600095	0.0045857569755323	NCU06177T0	NCU06177
4251_gene	4251	2108040	2109620	.	+	0	4251	4251_gene	1.75743183572465	0.0024271665401596	0.0171444559302868	NCU06262T0	NCU06262
4168_gene	4168	1854169	1854190	.	+	0	4168	4168_gene	1.18191900678701	0.0031961217749918	0.0211586946974797	NCU06194T0	NCU06194
4353_gene	4353	2528994	2529168	.	-	1	4353	4353_gene	5.96761226217745	0.0026463723069083	0.0183049607895519	NCU00076T1	NCU00076
4944_gene	4944	4456653	4456753	.	-	2	4944	4944_gene	1.17334150062366	0.0001527412687497	0.0017675568547143	NCU07535T0	NCU07535
4735_gene	4735	3757891	3758888	.	-	2	4735	4735_gene	1.12497304754217	0.0089437987522495	0.0477649696670524	NCU00409T1	NCU00409
4972_gene	4972	4570996	4571298	.	+	0	4972	4972_gene	1.78580224785008	4.65275880111026e-05	0.0006453907308815	NCU16699T0	NCU16699
4549_gene	4549	3154257	3154544	.	+	0	4549	4549_gene	2.97275316189972	0.0001090364289479	0.0013318941569131	NCU00244T0	NCU00244
4368_gene	4368	2575551	2577251	.	+	0	4368	4368_gene	1.22198161715933	2.1709821578285e-05	0.0003456845858089	NCU00089T3	NCU00089
4067_gene	4067	1422122	1423744	.	+	0	4067	4067_gene	1.14680166785948	7.10672938468277e-07	1.840625099281e-05	NCU06441T0	NCU06441
4949_gene	4949	4480570	4483197	.	-	0	4949	4949_gene	2.76339729603067	0.0018419309762376	0.0136058003634309	NCU07531T0	NCU07531
4370_gene	4370	2575551	2577251	.	+	0	4370	4370_gene	1.27178455625951	1.57652059846449e-05	0.0002627703849118	NCU00089T1	NCU00089
4672_gene	4672	3565205	3565503	.	+	0	4672	4672_gene	1.71084945442907	0.0002925163528175	0.0030258898798961	NCU00356T0	NCU00356
4046_gene	4046	1357742	1359061	.	-	0	4046	4046_gene	1.79015436904624	1.45713364382264e-08	6.22232193192691e-07	NCU06424T0	NCU06424
4308_gene	4308	2358051	2358304	.	-	2	4308	4308_gene	1.25433324008113	3.78701258364177e-08	1.42828423501292e-06	NCU00035T1	NCU00035
4349_gene	4349	2513598	2514275	.	-	0	4349	4349_gene	1.22494015449143	2.38181797499901e-09	1.19340883820238e-07	NCU00072T0	NCU00072
4116_gene	4116	1586496	1586559	.	+	0	4116	4116_gene	1.49134736597754	0.0031477645636534	0.0208652976271935	NCU06486T0	NCU06486
4689_gene	4689	3608999	3609049	.	-	0	4689	4689_gene	1.06906092799641	1.53918157629717e-07	4.8493604906875e-06	NCU00371T0	NCU00371
4462_gene	4462	2866203	2866315	.	+	0	4462	4462_gene	1.77517158687871	1.40033480139563e-10	8.66530529198947e-09	NCU00166T0	NCU00166
5069_gene	5069	4907397	4907457	.	+	0	5069	5069_gene	1.40148377989109	2.34229437918037e-15	3.14354157330519e-13	NCU08561T0	NCU08561
4284_gene	4284	2284896	2285026	.	+	0	4284	4284_gene	1.32740206663844	2.27046785114331e-05	0.0003587616937876	NCU00014T0	NCU00014
4093_gene	4093	1507667	1507804	.	+	0	4093	4093_gene	1.74487933268744	7.59506538262729e-09	3.47289405593232e-07	NCU06467T1	NCU06467
4805_gene	4805	3973875	3974557	.	+	0	4805	4805_gene	1.15430738601513	0.0027991248698634	0.0191437170120246	NCU00471T0	NCU00471
4387_gene	4387	2641531	2642294	.	-	2	4387	4387_gene	2.15756522272723	4.5894325859782815e-09	2.1855850849539e-07	NCU00106T0	NCU00106
4214_gene	4214	1986696	1986849	.	-	1	4214	4214_gene	1.46866045555281	3.22773038649133e-14	3.62558324065233e-12	NCU06231T0	NCU06231
4460_gene	4460	2862045	2862371	.	+	0	4460	4460_gene	1.91981085180756	9.20744672986526e-10	5.00788181612777e-08	NCU11172T0	NCU11172
4690_gene	4690	3610771	3610919	.	+	0	4690	4690_gene	1.09956491630618	0.0047531499293639	0.0290817355654514	NCU00372T0	NCU00372
4699_gene	4699	3648569	3650088	.	-	2	4699	4699_gene	1.46885480833893	0.0017700491112942	0.0131594874216652	NCU11180T0	NCU11180
4469_gene	4469	2898552	2898635	.	-	0	4469	4469_gene	1.21061677537561	6.73742917239343e-06	0.0001277515469128	NCU00173T0	NCU00173
4383_gene	4383	2630989	2631063	.	+	0	4383	4383_gene	1.10290673296963	0.001389318847094	0.0108684488765101	NCU00102T0	NCU00102
4901_gene	4901	4293225	4293567	.	+	0	4901	4901_gene	1.26837472792731	0.0049701191789393	0.0300533713254298	NCU07576T0	NCU07576
4134_gene	4134	1670900	1671968	.	+	0	4134	4134_gene	5.83589775498775	0.0030802054451673	0.0205095638339944	NCU06505T0	NCU06505
4369_gene	4369	2575551	2577251	.	+	0	4369	4369_gene	1.2400995251642	1.76705239942479e-05	0.0002880239668084	NCU00089T2	NCU00089
6062_gene	6062	3319591	3320125	.	+	0	6062	6062_gene	1.33357323277567	6.83075198986574e-05	0.0008957993789755	NCU04450T0	NCU04450
5246_gene	5246	245404	245618	.	-	2	5246	5246_gene	1.79619514057633	0.0001228023324527	0.0014790667873737	NCU07609T0	NCU07609
5240_gene	5240	221619	221709	.	+	0	5240	5240_gene	1.17904462425714	5.94795899795452e-05	0.0007941370579439	NCU16725T0	NCU16725
6383_gene	6383	4445134	4445371	.	-	1	6383	6383_gene	1.31090406954655	4.70812545875268e-05	0.0006521952880797	NCU07305T0	NCU07305
6602_gene	6602	5298834	5298838	.	+	0	6602	6602_gene	1.00343295957698	0.0060977633748185	0.035581189562606	NCU09915T1	NCU09915
6594_gene	6594	5266902	5267360	.	+	0	6594	6594_gene	1.12310545433311	7.55589685823608e-06	0.0001414540545887	NCU09930T0	NCU09930
5637_gene	5637	1825660	1825719	.	-	0	5637	5637_gene	1.13843871927421	5.34368176398795e-09	2.49871526466296e-07	NCU06619T0	NCU06619
5590_gene	5590	1670970	1671869	.	+	0	5590	5590_gene	1.61815039961563	0.0008651357720311	0.0072744614061594	NCU06572T0	NCU06572
6363_gene	6363	4383069	4384210	.	-	2	6363	6363_gene	2.02071868859178	7.1991863896611e-16	1.00535665068592e-13	NCU07318T0	NCU07318
6604_gene	6604	5335044	5335310	.	+	0	6604	6604_gene	5.34905800472758	0.0089435291915488	0.0477649696670524	NCU05321T0	NCU05321
6628_gene	6628	5420264	5421189	.	-	2	6628	6628_gene	2.24922313928004	7.754409724150089e-11	5.00837938058544e-09	NCU05298T0	NCU05298
5505_gene	5505	1379773	1381170	.	+	0	5505	5505_gene	1.59927732052884	0.0079960443598599	0.0438128962962847	NCU07910T0	NCU07910
5835_gene	5835	2582537	2582604	.	+	0	5835	5835_gene	1.25600546251726	1.98506912851755e-06	4.41154932776351e-05	NCU08273T0	NCU08273
5669_gene	5669	1981338	1981419	.	+	0	5669	5669_gene	1.74317091917612	1.61484198572653e-06	3.71958191290699e-05	NCU09735T0	NCU09735
6125_gene	6125	3508055	3509026	.	+	0	6125	6125_gene	4.183913043707	0.0033997220360277	0.0221937634367095	NCU04393T0	NCU04393
6622_gene	6622	5404265	5404820	.	-	1	6622	6622_gene	1.93208803708608	2.35256161127752e-06	5.12898136939703e-05	NCU05303T0	NCU05303
5534_gene	5534	1513674	1514779	.	-	2	5534	5534_gene	1.04946667359787	0.0047345040988224	0.0290191965345382	NCU06521T0	NCU06521
6468_gene	6468	4749898	4750728	.	-	0	6468	6468_gene	1.28188136869009	0.0025026887986252	0.0175459878188558	NCU06979T0	NCU06979
6419_gene	6419	4566103	4566542	.	+	0	6419	6419_gene	1.2533871326301	4.2925537279357695e-11	2.9376986903634603e-09	NCU07271T0	NCU07271
5554_gene	5554	1567074	1568156	.	-	0	5554	5554_gene	1.3861112297581	0.0030550571144645	0.0203683614328236	NCU06537T0	NCU06537
5243_gene	5243	240270	240548	.	+	0	5243	5243_gene	1.64714550265739	0.0003851093792752	0.0037722467539622	NCU07607T0	NCU07607
5317_gene	5317	578396	578778	.	+	0	5317	5317_gene	3.47517317401897	1.77183060931584e-26	8.71909405555711e-24	NCU04874T0	NCU04874
5918_gene	5918	2869268	2871361	.	-	0	5918	5918_gene	1.08604760072518	8.42493231679724e-06	0.0001557482120962	NCU06337T0	NCU06337
6570_gene	6570	5129624	5130459	.	-	2	6570	6570_gene	1.20669683893167	3.62713341950641e-06	7.51158251646879e-05	NCU08821T0	NCU08821
6238_gene	6238	3911432	3911642	.	+	0	6238	6238_gene	1.13110753593664	8.43590015289386e-07	2.11593670339818e-05	NCU08012T0	NCU08012
6538_gene	6538	5011718	5011860	.	+	0	6538	6538_gene	2.45883765611354	2.84354745781816e-26	1.3356917922315e-23	NCU07046T0	NCU07046
6641_gene	6641	5460822	5460850	.	-	2	6641	6641_gene	1.27195858052939	2.01239912773927e-05	0.0003244326456483	NCU05285T0	NCU05285
6217_gene	6217	3838318	3838500	.	+	0	6217	6217_gene	1.02000720373907	5.41679925909969e-05	0.0007336461801249	NCU07994T0	NCU07994
6677_gene	6677	5593284	5593507	.	+	0	6677	6677_gene	1.06444645535698	0.0004186044043165	0.0040466397700719	NCU05253T0	NCU05253
5864_gene	5864	2694657	2694859	.	-	2	5864	5864_gene	1.14254139660769	7.94533361611457e-06	0.0001482077212796	NCU06384T0	NCU06384
6516_gene	6516	4941065	4941172	.	+	0	6516	6516_gene	2.66659843376797	0.0024666791985979	0.0173442205514222	NCU07022T0	NCU07022
5993_gene	5993	3140781	3141485	.	-	0	5993	5993_gene	1.73115045454532	0.0001328101891887	0.0015721196965366	NCU04509T0	NCU04509
6035_gene	6035	3235762	3235975	.	-	1	6035	6035_gene	1.93139002736292	1.95127987013618e-07	5.94823781061572e-06	NCU04474T0	NCU04474
5399_gene	5399	813616	814952	.	-	2	5399	5399_gene	2.14322845200547	3.78392905625549e-14	4.15990668801534e-12	NCU04942T0	NCU04942
6347_gene	6347	4343861	4344115	.	+	0	6347	6347_gene	1.2712201427005	0.0001176848795002	0.0014263391603679	NCU07332T0	NCU07332
6432_gene	6432	4598932	4598966	.	+	0	6432	6432_gene	1.07672503355024	0.0001504767481918	0.0017491864069907	NCU07258T0	NCU07258
6655_gene	6655	5507302	5508540	.	-	0	6655	6655_gene	1.59858254170194	7.29574792920968e-05	0.0009476754896249	NCU05272T0	NCU05272
6077_gene	6077	3368677	3369688	.	-	1	6077	6077_gene	1.3917474300503	0.0089264483798111	0.0477216335007594	NCU04435T0	NCU04435
5429_gene	5429	1103984	1105069	.	+	0	5429	5429_gene	1.54921297376281	5.63837703388966e-06	0.0001099377137136	NCU04988T0	NCU04988
6580_gene	6580	5177137	5178429	.	-	0	6580	6580_gene	1.17067169337491	1.02536369997906e-06	2.4884536918967e-05	NCU08807T0	NCU08807
5676_gene	5676	2002837	2005592	.	-	2	5676	5676_gene	3.01203963827033	7.13408381227441e-05	0.0009308538145965	NCU09729T0	NCU09729
5615_gene	5615	1753533	1754247	.	-	1	5615	5615_gene	1.72548797241105	4.04518855107616e-12	3.21561372975546e-10	NCU06596T0	NCU06596
5477_gene	5477	1303093	1303238	.	+	0	5477	5477_gene	1.423979505661	9.28739927777051e-06	0.000167205547276	NCU07934T0	NCU07934
5565_gene	5565	1598640	1600514	.	+	0	5565	5565_gene	1.80584251915763	2.4914284242809e-05	0.0003871642306243	NCU06547T0	NCU06547
5921_gene	5921	2877758	2878848	.	-	2	5921	5921_gene	1.17440119362378	0.0027651814230558	0.0189617682985131	NCU06334T1	NCU06334
5526_gene	5526	1486561	1486982	.	+	0	5526	5526_gene	3.46746659004075	8.04450844181386e-10	4.39851588559283e-08	NCU06513T0	NCU06513
5985_gene	5985	3111407	3111454	.	+	0	5985	5985_gene	7.3152495159551	8.11733245648287e-05	0.0010305775943825	NCU11295T0	NCU11295
5375_gene	5375	747435	748430	.	-	0	5375	5375_gene	2.20169711366624	1.52471199684678e-16	2.3873293599113e-14	NCU04923T0	NCU04923
6039_gene	6039	3248441	3249193	.	+	0	6039	6039_gene	1.09937187499236	0.0045593092860659	0.0281288968132567	NCU04471T0	NCU04471
5454_gene	5454	1235513	1235871	.	+	0	5454	5454_gene	3.6636515999244	1.34333218961291e-27	7.50864447720365e-25	NCU07953T0	NCU07953
6097_gene	6097	3444040	3444302	.	+	0	6097	6097_gene	1.81757261507774	0.001138671535407	0.0092255596930163	NCU04416T0	NCU04416
6305_gene	6305	4147091	4150651	.	-	0	6305	6305_gene	1.59448670886831	6.68592917528049e-06	0.0001270080737083	NCU08674T1	NCU08674
6000_gene	6000	3156763	3156973	.	-	1	6000	6000_gene	1.14328765420654	9.91890635863185e-06	0.0001770327777376	NCU04502T0	NCU04502
5333_gene	5333	630732	632585	.	+	0	5333	5333_gene	2.32268571422912	1.21313327822756e-07	3.94230166578731e-06	NCU04886T0	NCU04886
6304_gene	6304	4147091	4150651	.	-	0	6304	6304_gene	1.58565610656859	1.27887904974964e-05	0.000219533822261	NCU08674T0	NCU08674
6028_gene	6028	3216773	3217043	.	+	0	6028	6028_gene	2.69969445752186	2.85552621119331e-29	1.96726719109811e-26	NCU04481T0	NCU04481
6694_gene	6694	5658043	5658831	.	-	0	6694	6694_gene	1.63764587087172	0.0017081834583956	0.0127915709123627	NCU05237T0	NCU05237
6456_gene	6456	4695886	4695955	.	+	0	6456	6456_gene	1.20724396206772	8.22400616521835e-06	0.00015266432377	NCU06968T0	NCU06968
5809_gene	5809	2492697	2495204	.	-	0	5809	5809_gene	1.10303220064246	0.0004860657006439	0.0045498846613436	NCU08298T0	NCU08298
6693_gene	6693	5651029	5651058	.	-	0	6693	6693_gene	1.74553150015105	1.1270513213135301e-15	1.53249320453342e-13	NCU05238T0	NCU05238
6078_gene	6078	3376782	3377060	.	+	0	6078	6078_gene	3.43039944155382	1.73720563056255e-05	0.0002840551105416	NCU04433T0	NCU04433
6601_gene	6601	5296938	5296958	.	+	0	6601	6601_gene	3.04387912589196	0.0001286615525309	0.0015329616661035	NCU09915T0	NCU09915
6127_gene	6127	3513374	3514386	.	-	2	6127	6127_gene	1.88588889747473	0.0022602526816104	0.0160863989061724	NCU04391T0	NCU04391
6284_gene	6284	4082594	4083432	.	-	2	6284	6284_gene	2.02891046980168	2.9555759924776102e-09	1.45442487172684e-07	NCU08691T0	NCU08691
6027_gene	6027	3213626	3214261	.	-	0	6027	6027_gene	3.17365455193437	1.6198231714719798e-12	1.38340931024723e-10	NCU04482T0	NCU04482
5677_gene	5677	2010966	2011611	.	+	0	5677	5677_gene	1.64408323242393	3.25963823081741e-05	0.0004791621831759	NCU09728T0	NCU09728
5595_gene	5595	1683481	1683660	.	-	0	5595	5595_gene	1.31271965278956	0.0004736513087603	0.0044619075886322	NCU06577T0	NCU06577
6705_gene	6705	5688449	5690533	.	+	0	6705	6705_gene	1.64117666261198	0.0001716342672429	0.0019581242253668	NCU05226T0	NCU05226
6187_gene	6187	3717770	3718585	.	-	0	6187	6187_gene	1.50759823437252	0.0090904983738385	0.0483485384432563	NCU04341T0	NCU04341
6480_gene	6480	4797794	4798656	.	-	2	6480	6480_gene	1.2023160263599	2.11959220679333e-07	6.40463914181353e-06	NCU06989T0	NCU06989
5794_gene	5794	2451093	2451442	.	+	0	5794	5794_gene	1.04179333352275	5.48928185119364e-07	1.46959167487656e-05	NCU08310T0	NCU08310
6094_gene	6094	3426713	3427500	.	+	0	6094	6094_gene	1.67605355905411	1.4034502109373e-08	6.01794791694026e-07	NCU04419T0	NCU04419
5189_gene	5189	59659	60623	.	+	0	5189	5189_gene	1.04831960379955	3.97640275931718e-05	0.0005622235024928	NCU09647T0	NCU09647
6433_gene	6433	4603619	4603927	.	+	0	6433	6433_gene	4.22382855973098	1.55733737098591e-33	1.4630476719789499e-30	NCU07257T0	NCU07257
6309_gene	6309	4159253	4159366	.	-	0	6309	6309_gene	1.05700598486385	8.9590616800935e-05	0.0011208588789598	NCU08669T0	NCU08669
5500_gene	5500	1368002	1368070	.	+	0	5500	5500_gene	1.63275774815299	5.25753444006186e-09	2.46960731379997e-07	NCU07915T0	NCU07915
6026_gene	6026	3211359	3212435	.	+	0	6026	6026_gene	1.59662171314117	0.0048767688764536	0.0296147759143884	NCU04483T0	NCU04483
5996_gene	5996	3146143	3147411	.	+	0	5996	5996_gene	2.1365763951629	7.645069512158321e-09	3.48035895764952e-07	NCU04506T0	NCU04506
6342_gene	6342	4325753	4326178	.	+	0	6342	6342_gene	2.00532045624575	2.12310212519538e-05	0.0003391056779253	NCU07337T0	NCU07337
6068_gene	6068	3337030	3340535	.	-	2	6068	6068_gene	1.31154416897289	5.81064738009564e-05	0.0007808482448102	NCU04444T0	NCU04444
6616_gene	6616	5377329	5378657	.	+	0	6616	6616_gene	1.13731060801668	0.0021835489326061	0.0156265891063379	NCU05309T0	NCU05309
6188_gene	6188	3724853	3724938	.	+	0	6188	6188_gene	1.10376243031223	0.0011365359462602	0.0092255596930163	NCU04340T0	NCU04340
5666_gene	5666	1972745	1973898	.	-	2	5666	5666_gene	2.53415336852031	1.55102720137167e-07	4.87182829756075e-06	NCU09738T0	NCU09738
5699_gene	5699	2104029	2104894	.	-	2	5699	5699_gene	1.0416699430493	0.0005311344711318	0.004900663950604	NCU07715T0	NCU07715
6377_gene	6377	4419943	4421526	.	-	0	6377	6377_gene	2.28072607028177	0.0004980060929658	0.0046324775524188	NCU07309T0	NCU07309
6661_gene	6661	5526544	5529031	.	-	1	6661	6661_gene	1.45445575118404	0.0001032199015391	0.0012728812201738	NCU05268T0	NCU05268
5525_gene	5525	1441447	1442787	.	-	0	5525	5525_gene	1.06448716682889	0.0002518292894009	0.0026718725633154	NCU07891T0	NCU07891
5868_gene	5868	2702060	2702860	.	-	0	5868	5868_gene	2.33687681778357	3.1992611949999e-17	5.57514895704685e-15	NCU06382T0	NCU06382
6098_gene	6098	3444040	3444302	.	+	0	6098	6098_gene	2.74030681054039	9.97376360500216e-08	3.30348952224655e-06	NCU04416T1	NCU04416
5731_gene	5731	2220396	2222094	.	+	0	5731	5731_gene	1.3384247039352	2.13804995532398e-11	1.5229876459122502e-09	NCU07690T0	NCU07690
5924_gene	5924	2884845	2886311	.	-	0	5924	5924_gene	1.17307513873761	0.0015876357748945	0.0120548332827042	NCU06332T0	NCU06332
6581_gene	6581	5187850	5187910	.	+	0	6581	6581_gene	1.17698082029802	3.92716652344896e-05	0.0005597701910802	NCU08806T0	NCU08806
6194_gene	6194	3737724	3737778	.	+	0	6194	6194_gene	1.05960630451156	4.94164614829325e-05	0.0006772807864252	NCU04335T0	NCU04335
6135_gene	6135	3538551	3540683	.	-	0	6135	6135_gene	1.45662434611773	0.0002058385882281	0.0022685236777928	NCU04385T0	NCU04385
6719_gene	6719	5722097	5722207	.	-	0	6719	6719_gene	3.09973380373465	0.0010433361675706	0.0085774351278238	NCU05216T0	NCU05216
5874_gene	5874	2747711	2748960	.	-	2	5874	5874_gene	1.20526107799175	0.0003488471632045	0.0034763612194366	NCU06373T0	NCU06373
6087_gene	6087	3410234	3410269	.	-	0	6087	6087_gene	1.73724928196817	1.61611406899094e-06	3.71958191290699e-05	NCU04424T0	NCU04424
6537_gene	6537	5006091	5006403	.	-	1	6537	6537_gene	1.89447455883392	7.79357845210051e-05	0.0009989754163814	NCU07044T0	NCU07044
6499_gene	6499	4874296	4875485	.	-	2	6499	6499_gene	1.14316366288161	0.0001975715432766	0.0021967730743775	NCU07008T0	NCU07008
5372_gene	5372	739689	740016	.	-	1	5372	5372_gene	1.24867146082812	0.0028540180195385	0.0194262749851857	NCU04921T0	NCU04921
8003_gene	8003	4558307	4559728	.	+	0	8003	8003_gene	4.28838097833397	1.22971076936025e-11	9.275789117203499e-10	NCU09550T0	NCU09550
8283_gene	8283	5504273	5504395	.	+	0	8283	8283_gene	1.68484324401198	2.96912100977309e-06	6.31335319238582e-05	NCU04287T0	NCU04287
8273_gene	8273	5481626	5483153	.	-	1	8273	8273_gene	1.34134831761092	0.0004143161830592	0.0040164572567861	NCU04280T0	NCU04280
7386_gene	7386	2492314	2492316	.	+	0	7386	7386_gene	4.25488659638502	2.79630550672842e-08	1.09458413282316e-06	NCU03813T0	NCU03813
8081_gene	8081	4800680	4801167	.	-	2	8081	8081_gene	1.4612574411979	0.0003728582260695	0.0036731333729296	NCU17019T0	NCU17019
7222_gene	7222	1970900	1971722	.	+	0	7222	7222_gene	2.28893618597098	3.3176860603214295e-33	2.8570806456134698e-30	NCU03651T1	NCU03651
8404_gene	8404	5948660	5949294	.	-	2	8404	8404_gene	1.78851299089176	1.33934326308333e-07	4.31176737716609e-06	NCU09848T0	NCU09848
7041_gene	7041	1294963	1296537	.	-	0	7041	7041_gene	1.59074052250981	2.02004582566202e-05	0.0003251581551774	NCU04661T0	NCU04661
7788_gene	7788	3763360	3763855	.	-	1	7788	7788_gene	2.31013501641175	6.4798056023033e-08	2.29322983199323e-06	NCU01357T0	NCU01357
7982_gene	7982	4479963	4481644	.	-	2	7982	7982_gene	1.11354600346309	4.31193062685673e-07	1.18194936599304e-05	NCU09529T0	NCU09529
8002_gene	8002	4554737	4554844	.	-	0	8002	8002_gene	1.4886718061797	9.96995032642834e-08	3.30348952224655e-06	NCU09549T0	NCU09549
8047_gene	8047	4698009	4698112	.	-	2	8047	8047_gene	1.23147256474252	0.0016447151674201	0.0124061945548319	NCU01451T0	NCU01451
7123_gene	7123	1583385	1585424	.	-	0	7123	7123_gene	1.78280075711005	2.79836698958964e-05	0.0004234015295815	NCU04591T0	NCU04591
7708_gene	7708	3523090	3524494	.	-	1	7708	7708_gene	1.18730772377288	6.8977179692373e-07	1.79549162453648e-05	NCU01285T0	NCU01285
8136_gene	8136	4986436	4986590	.	+	0	8136	8136_gene	1.50994917787334	3.97540193272176e-06	8.11893351240053e-05	NCU04144T0	NCU04144
6850_gene	6850	223845	224203	.	-	2	6850	6850_gene	1.45573352429462	0.0003948253595546	0.0038564511017373	NCU07806T0	NCU07806
7029_gene	7029	1240288	1241276	.	-	2	7029	7029_gene	8.29681838864299	1.33983682483536e-05	0.0002288373588482	NCU04672T0	NCU04672
8449_gene	8449	6160672	6161757	.	-	0	8449	8449_gene	1.54174797949098	0.0044575547789763	0.0276496825245748	NCU07233T0	NCU07233
7229_gene	7229	1999815	2000842	.	-	2	7229	7229_gene	1.07090354842766	0.0028047601906216	0.0191695713028336	NCU03659T0	NCU03659
7336_gene	7336	2352592	2353154	.	-	2	7336	7336_gene	2.48273872594988	2.13870297656782e-28	1.30007979763834e-25	NCU03768T0	NCU03768
7366_gene	7366	2435135	2436195	.	+	0	7366	7366_gene	1.12772925032805	0.0029719962556846	0.0199491711192429	NCU03793T0	NCU03793
7069_gene	7069	1375985	1376010	.	-	2	7069	7069_gene	1.02239152093508	5.61338837453311e-07	1.49122764684898e-05	NCU04637T0	NCU04637
7825_gene	7825	3880669	3880941	.	-	0	7825	7825_gene	1.09046852155069	0.0001279451242352	0.0015267724178375	NCU01391T0	NCU01391
7211_gene	7211	1920713	1920962	.	+	0	7211	7211_gene	7.65236110152448	8.79556652901879e-06	0.0001608732469219	NCU03641T0	NCU03641
7484_gene	7484	2802061	2802521	.	+	0	7484	7484_gene	1.57432382739643	1.3912583037827e-05	0.0002360798573282	NCU01063T0	NCU01063
7531_gene	7531	2940397	2940504	.	-	0	7531	7531_gene	1.58316492853159	0.0006452546739379	0.0057483291383406	NCU01108T0	NCU01108
7337_gene	7337	2352524	2352647	.	-	1	7337	7337_gene	1.6351014757085	8.52459247099242e-06	0.0001573091760629	NCU03768T3	NCU03768
7614_gene	7614	3201160	3202202	.	-	2	7614	7614_gene	1.19866333250879	0.003720934393854	0.0238388940025345	NCU01195T0	NCU01195
7976_gene	7976	4423644	4424543	.	-	0	7976	7976_gene	2.82145261361882	0.0007246213603367	0.0062926362501851	NCU06731T0	NCU06731
8125_gene	8125	4950694	4952149	.	+	0	8125	8125_gene	1.12835525926385	0.0033081658745514	0.0216919962865576	NCU04132T1	NCU04132
7546_gene	7546	2976930	2977312	.	-	2	7546	7546_gene	1.45171400063116	0.0001461110502595	0.0017041891573162	NCU01124T1	NCU01124
7438_gene	7438	2681424	2681672	.	+	0	7438	7438_gene	1.13294181379275	3.93990203931624e-05	0.0005600405457261	NCU01013T0	NCU01013
7971_gene	7971	4407920	4408197	.	-	2	7971	7971_gene	1.01232697963643	3.26700886017213e-07	9.30062522342115e-06	NCU06727T0	NCU06727
8216_gene	8216	5272133	5272377	.	+	0	8216	8216_gene	1.15386623851505	0.0073008583290345	0.0408042563397743	NCU04224T0	NCU04224
7335_gene	7335	2352592	2353154	.	-	2	7335	7335_gene	2.43563784529356	5.48004786697835e-25	2.46220933292845e-22	NCU03768T1	NCU03768
7436_gene	7436	2675584	2675970	.	+	0	7436	7436_gene	2.63265524005637	0.0043684984505299	0.0272280235149438	NCU01011T0	NCU01011
7564_gene	7564	3026945	3027037	.	+	0	7564	7564_gene	1.36431633276985	3.53311083629845e-06	7.36112245611052e-05	NCU01148T0	NCU01148
7834_gene	7834	3904551	3904775	.	-	0	7834	7834_gene	1.74008474933251	8.9442770742789e-05	0.0011208588789598	NCU01400T0	NCU01400
7816_gene	7816	3842379	3844105	.	-	2	7816	7816_gene	1.03055463832651	0.0008157161692131	0.0069493906781936	NCU01382T0	NCU01382
7481_gene	7481	2796173	2797021	.	+	0	7481	7481_gene	2.17716628135862	3.75258475203139e-06	7.72494239591482e-05	NCU01061T0	NCU01061
8474_gene	8474	6243496	6245601	.	+	0	8474	8474_gene	1.17670345876524	0.0088034482766791	0.0472842175110202	NCU07206T0	NCU07206
7221_gene	7221	1970900	1971722	.	+	0	7221	7221_gene	2.61408407100582	6.40501201725014e-24	2.36390693522368e-21	NCU03651T0	NCU03651
8124_gene	8124	4950694	4952149	.	+	0	8124	8124_gene	1.00526429668208	0.0093221331083168	0.0492761757244736	NCU04132T0	NCU04132
7486_gene	7486	2806917	2807268	.	-	1	7486	7486_gene	2.58749794734023	1.62187046443202e-24	6.70416375177619e-22	NCU01065T0	NCU01065
7067_gene	7067	1368567	1369079	.	-	0	7067	7067_gene	1.9246361087865	3.588992429518149e-11	2.4891709910497e-09	NCU04639T0	NCU04639
6794_gene	6794	24454	24728	.	-	2	6794	6794_gene	1.23819364882595	0.0009737221094524	0.0080499554232655	NCU08880T0	NCU08880
7108_gene	7108	1534650	1534992	.	+	0	7108	7108_gene	1.16856986050313	0.0013303459942478	0.010462553656436	NCU04604T0	NCU04604
7776_gene	7776	3719364	3719682	.	-	1	7776	7776_gene	1.09452224492621	0.0007217444108	0.0062729240884838	NCU01345T0	NCU01345
8050_gene	8050	4706077	4706089	.	-	1	8050	8050_gene	1.4653377067416	5.74957800005381e-06	0.0001114749325563	NCU01449T0	NCU01449
7391_gene	7391	2507224	2507613	.	+	0	7391	7391_gene	1.06944100366025	0.0012635762064533	0.010058642144931	NCU03817T0	NCU03817
7044_gene	7044	1317933	1318105	.	+	0	7044	7044_gene	2.39686964007455	2.4293601141026e-10	1.44281651834117e-08	NCU04656T0	NCU04656
7533_gene	7533	2943159	2943787	.	-	2	7533	7533_gene	1.80431483280576	0.0068253160529716	0.039033102430221	NCU01111T0	NCU01111
7586_gene	7586	3109840	3112365	.	+	0	7586	7586_gene	1.21341498056782	0.0029728782198213	0.0199491711192429	NCU10359T0	NCU10359
8080_gene	8080	4800680	4801167	.	-	2	8080	8080_gene	1.99293454521253	1.1258888768768e-05	0.0001965360752304	NCU17019T1	NCU17019
6916_gene	6916	467577	469088	.	-	0	6916	6916_gene	1.2568297805141	0.0015058631755195	0.0116478967483678	NCU07742T0	NCU07742
6991_gene	6991	810262	811239	.	-	0	6991	6991_gene	1.31327744033076	0.0032546702660402	0.0214501036538645	NCU09695T0	NCU09695
7676_gene	7676	3398313	3398334	.	-	1	7676	7676_gene	1.7942038683572	7.38736552780805e-06	0.0001393084586941	NCU01258T1	NCU01258
7053_gene	7053	1341125	1342114	.	-	0	7053	7053_gene	1.70606614256038	2.62184175617932e-05	0.0004039875629186	NCU04649T0	NCU04649
7462_gene	7462	2755546	2755798	.	+	0	7462	7462_gene	1.06151474454969	3.6897775309764e-05	0.0005318014087184	NCU01045T1	NCU01045
7598_gene	7598	3143889	3144320	.	-	0	7598	7598_gene	1.24377237719041	2.5355448141406e-05	0.0003928383824487	NCU01178T1	NCU01178
7058_gene	7058	1350728	1350772	.	-	0	7058	7058_gene	1.0687676980144	6.25433761337238e-08	2.22104209266633e-06	NCU04645T0	NCU04645
8395_gene	8395	5888129	5888173	.	-	0	8395	8395_gene	1.54485555691949	0.0014408245264755	0.0112035219387494	NCU10063T0	NCU10063
7338_gene	7338	2352592	2353154	.	-	2	7338	7338_gene	2.52750328195142	4.36486623244165e-31	3.469732895850148e-28	NCU03768T2	NCU03768
7120_gene	7120	1571440	1572081	.	+	0	7120	7120_gene	1.27055309377805	0.00129200926892	0.0102232953943493	NCU04594T0	NCU04594
8174_gene	8174	5118798	5119729	.	-	2	8174	8174_gene	1.55380461409245	0.0001364495533634	0.0016120078251202	NCU04180T0	NCU04180
7845_gene	7845	3968205	3969257	.	-	0	7845	7845_gene	1.15251673776399	0.0003769352704705	0.0037062312892893	NCU01411T0	NCU01411
7417_gene	7417	2577332	2578276	.	-	0	7417	7417_gene	1.35696993757936	3.95312439063832e-05	0.0005603784287085	NCU03840T0	NCU03840
7597_gene	7597	3143889	3144320	.	-	0	7597	7597_gene	1.15457467379363	1.60989498774819e-05	0.0002674703344596	NCU01178T0	NCU01178
7274_gene	7274	2175351	2176790	.	+	0	7274	7274_gene	1.18875349152914	0.0027872769708427	0.0190753114017807	NCU03712T0	NCU03712
7175_gene	7175	1817549	1817779	.	+	0	7175	7175_gene	1.28727527776325	0.0067533101931695	0.0387453031249779	NCU03604T0	NCU03604
7841_gene	7841	3953062	3953532	.	+	0	7841	7841_gene	5.658077410141	0.0036053521154772	0.0232934108172481	NCU01407T0	NCU01407
7070_gene	7070	1378948	1379218	.	+	0	7070	7070_gene	1.41416818254791	1.34106864814876e-10	8.348556271065851e-09	NCU04636T0	NCU04636
7172_gene	7172	1806324	1806852	.	-	1	7172	7172_gene	1.49574618329694	2.68793553185024e-05	0.0004115129746094	NCU03601T0	NCU03601
7343_gene	7343	2369200	2370352	.	+	0	7343	7343_gene	2.73370101249294	1.37375660829177e-06	3.26354041151429e-05	NCU03773T0	NCU03773
8452_gene	8452	6173805	6174468	.	+	0	8452	8452_gene	6.87004858294496	0.0001673327308304	0.0019192191347415	NCU07230T0	NCU07230
8226_gene	8226	5301948	5303854	.	-	2	8226	8226_gene	1.7242635033682	5.44565539995288e-07	1.46169877670424e-05	NCU04234T0	NCU04234
7881_gene	7881	4131227	4131441	.	-	2	7881	7881_gene	1.82654905741725	7.67480935213329e-05	0.0009885434932516	NCU06652T0	NCU06652
8114_gene	8114	4917965	4917986	.	-	1	8114	8114_gene	1.70189639470934	7.63382903996091e-07	1.95751834488725e-05	NCU04122T0	NCU04122
6995_gene	6995	818805	819011	.	+	0	6995	6995_gene	1.26690190197719	4.03945734036131e-05	0.0005694918438648	NCU09692T0	NCU09692
7711_gene	7711	3530197	3532411	.	+	0	7711	7711_gene	22.9427385035726	6.61925926123532e-08	2.33458789097631e-06	NCU01288T0	NCU01288
7880_gene	7880	4126957	4127031	.	-	0	7880	7880_gene	2.26604326095713	4.33726169417929e-14	4.7180276155419786e-12	NCU06651T0	NCU06651
7534_gene	7534	2946087	2946241	.	+	0	7534	7534_gene	1.44731352969301	5.46338129517918e-05	0.0007389866793767	NCU01112T0	NCU01112
7385_gene	7385	2483524	2488700	.	+	0	7385	7385_gene	1.04070718736418	7.73617193432317e-05	0.0009943482682748	NCU03811T0	NCU03811
8212_gene	8212	5254110	5254259	.	+	0	8212	8212_gene	1.20056897178521	0.0008287081802018	0.0070368696254772	NCU04221T0	NCU04221
7014_gene	7014	871599	872500	.	-	2	7014	7014_gene	2.1534008656446	3.65137512372855e-07	1.03096476854128e-05	NCU09676T0	NCU09676
7863_gene	7863	4030463	4031764	.	-	0	7863	7863_gene	1.24897341938732	1.46826160365418e-07	4.66862012681918e-06	NCU01427T0	NCU01427
8040_gene	8040	4684604	4684680	.	+	0	8040	8040_gene	1.23838288060841	1.24129661806893e-05	0.0002137926541854	NCU01456T0	NCU01456
8292_gene	8292	5533879	5535920	.	-	2	8292	8292_gene	1.0333628057193	6.03126873948441e-05	0.0008021509801007	NCU04295T0	NCU04295
7879_gene	7879	4123175	4123367	.	-	1	7879	7879_gene	2.79392267440055	0.0082337134703743	0.0448535556156293	NCU06650T0	NCU06650
8476_gene	8476	6248468	6248638	.	+	0	8476	8476_gene	2.8401368225139	2.04000521405967e-08	8.29976924491835e-07	NCU07205T0	NCU07205
7964_gene	7964	4381198	4381905	.	+	0	7964	7964_gene	1.26996603486744	0.0003657947084856	0.0036173421220007	NCU06719T0	NCU06719
8097_gene	8097	4860927	4861425	.	-	1	8097	8097_gene	1.50968640907172	2.70004011271096e-07	7.92676548998723e-06	NCU04106T1	NCU04106
7755_gene	7755	3666148	3666942	.	-	0	7755	7755_gene	1.81139959050045	0.0007052449943441	0.0061662755677011	NCU01325T0	NCU01325
8303_gene	8303	5570431	5571027	.	+	0	8303	8303_gene	1.2829476300865	9.65502781679981e-06	0.0001732205858659	NCU04307T0	NCU04307
8096_gene	8096	4860927	4861425	.	-	1	8096	8096_gene	1.52941487369657	2.73083331875986e-07	7.99445652013156e-06	NCU04106T0	NCU04106
8099_gene	8099	4867497	4867747	.	+	0	8099	8099_gene	2.04162415403164	1.39624215503068e-06	3.30935009864383e-05	NCU04108T0	NCU04108
8249_gene	8249	5397370	5398011	.	+	0	8249	8249_gene	2.19560145559314	1.25025022772038e-16	2.01876341457225e-14	NCU04259T0	NCU04259
8386_gene	8386	5863601	5864210	.	-	1	8386	8386_gene	1.53513815352039	6.44419303515042e-07	1.69969806758958e-05	NCU08967T0	NCU08967
7754_gene	7754	3663225	3664949	.	+	0	7754	7754_gene	1.27875531721082	0.0011519533794509	0.0093002236119113	NCU01324T0	NCU01324
7984_gene	7984	4493968	4494951	.	-	0	7984	7984_gene	1.40160938035466	3.75251288724508e-05	0.0005385898357887	NCU09532T0	NCU09532
7520_gene	7520	2906235	2906396	.	+	0	7520	7520_gene	1.02401476106596	3.49015221543176e-05	0.0005079891971024	NCU01097T0	NCU01097
7270_gene	7270	2164615	2165592	.	-	0	7270	7270_gene	1.72598594553624	0.0020549741229092	0.014892077549891	NCU03708T0	NCU03708
7390_gene	7390	2504133	2505141	.	-	1	7390	7390_gene	1.1482689066566	6.10946176039175e-11	4.0996868722005406e-09	NCU03816T0	NCU03816
7579_gene	7579	3092252	3092381	.	+	0	7579	7579_gene	1.02910243628728	0.0017038257335138	0.0127681908122786	NCU01162T0	NCU01162
7549_gene	7549	2983159	2983246	.	+	0	7549	7549_gene	1.78052920023104	3.82221117479553e-06	7.85263027442087e-05	NCU01132T0	NCU01132
6873_gene	6873	316552	316923	.	+	0	6873	6873_gene	1.03918418593671	0.0042751948598924	0.0268244466801022	NCU07782T1	NCU07782
7652_gene	7652	3306860	3306881	.	-	1	7652	7652_gene	1.38291159783637	2.82569092391815e-07	8.22554648106202e-06	NCU01233T0	NCU01233
7459_gene	7459	2745205	2746035	.	-	0	7459	7459_gene	1.22855966265463	2.3898243574507e-05	0.0003753259104847	NCU01042T0	NCU01042
7217_gene	7217	1949112	1950556	.	-	2	7217	7217_gene	1.41079615128933	9.27805127287755e-05	0.0011523964165134	NCU03647T0	NCU03647
6993_gene	6993	816167	816190	.	+	0	6993	6993_gene	1.26371584975852	5.56171913868162e-06	0.0001086480256694	NCU09693T0	NCU09693
7230_gene	7230	2002592	2002618	.	+	0	7230	7230_gene	1.53525949687338	2.27190756417492e-08	9.06482346261914e-07	NCU03660T0	NCU03660
7268_gene	7268	2156928	2157200	.	+	0	7268	7268_gene	1.25810818793214	0.0002024809665528	0.0022451054810703	NCU11260T0	NCU11260
7071_gene	7071	1381965	1382066	.	+	0	7071	7071_gene	1.72378967037713	1.61124838377367e-08	6.74263299703095e-07	NCU04635T0	NCU04635
6940_gene	6940	575083	576513	.	+	0	6940	6940_gene	1.40987615452565	8.55163124769418e-05	0.0010777141135813	NCU09838T0	NCU09838
7547_gene	7547	2976930	2977312	.	-	2	7547	7547_gene	1.17748525738189	0.002906367325496	0.0196175048606638	NCU01124T0	NCU01124
7675_gene	7675	3397298	3397372	.	-	0	7675	7675_gene	1.53523390932547	0.0056846385658092	0.0335877958485266	NCU16992T0	NCU16992
7307_gene	7307	2285996	2287120	.	+	0	7307	7307_gene	1.27205950368926	3.75209326870559e-06	7.72494239591482e-05	NCU03747T0	NCU03747
8234_gene	8234	5328784	5332065	.	-	0	8234	8234_gene	1.15397531449717	0.0006262991336672	0.0056279784759277	NCU04242T0	NCU04242
8818_gene	8818	1002783	1003233	.	+	0	8818	8818_gene	1.751026296857	2.7909954078893904e-09	1.38664166082351e-07	NCU04835T0	NCU04835
9330_gene	9330	3114536	3115835	.	+	0	9330	9330_gene	1.04472351886436	1.05699448395975e-07	3.46761301499685e-06	NCU06005T0	NCU06005
8885_gene	8885	1276091	1276440	.	-	2	8885	8885_gene	1.68533509167166	1.05519695410669e-13	1.0564840483082899e-11	NCU05627T0	NCU05627
9058_gene	9058	1881755	1882111	.	+	0	9058	9058_gene	2.10045966342975	8.95309801616321e-21	2.3723414076674497e-18	NCU03848T0	NCU03848
9394_gene	9394	3341676	3342046	.	-	2	9394	9394_gene	3.34087411179892	9.03418985336135e-06	0.0001637882770958	NCU05952T0	NCU05952
9103_gene	9103	2040682	2041956	.	-	0	9103	9103_gene	1.19627688150598	0.0001295913040448	0.0015410777169149	NCU03886T0	NCU03886
8587_gene	8587	149878	150897	.	+	0	8587	8587_gene	1.41604366066741	0.000631836576587	0.005658058217028	NCU12067T0	NCU12067
9288_gene	9288	2668109	2671201	.	+	0	9288	9288_gene	2.01706010808394	9.986698865379693e-09	4.46764268722224e-07	NCU04077T0	NCU04077
9059_gene	9059	1881755	1882111	.	+	0	9059	9059_gene	2.04009175659344	2.01822466032582e-18	4.256394620368769e-16	NCU03848T1	NCU03848
8972_gene	8972	1544429	1545556	.	-	0	8972	8972_gene	1.82168340735958	4.9590393406082e-06	9.87412573137671e-05	NCU05550T0	NCU05550
9047_gene	9047	1788710	1788762	.	+	0	9047	9047_gene	1.70972073524793	5.80978521847052e-08	2.07290304977898e-06	NCU10012T0	NCU10012
8816_gene	8816	989794	989831	.	+	0	8816	8816_gene	1.55458284081716	0.0085679910896152	0.0462532370133092	NCU04832T0	NCU04832
8686_gene	8686	535145	536372	.	-	1	8686	8686_gene	2.25002099580694	6.68179336888541e-07	1.74809247276106e-05	NCU04720T0	NCU04720
8855_gene	8855	1168098	1168178	.	-	0	8855	8855_gene	1.52047680378909	1.73914909697522e-07	5.41336348438008e-06	NCU09799T0	NCU09799
9250_gene	9250	2525194	2525271	.	-	0	9250	9250_gene	1.05573455975173	4.35971612163938e-06	8.79947390644949e-05	NCU04036T0	NCU04036
9206_gene	9206	2365794	2365913	.	-	0	9206	9206_gene	2.36953273125197	2.10674279196496e-17	3.75363448485619e-15	NCU03991T0	NCU03991
9297_gene	9297	2693517	2694707	.	-	0	9297	9297_gene	2.94105936929317	0.0019875729594589	0.0144746856681101	NCU04085T0	NCU04085
9317_gene	9317	2770953	2771395	.	+	0	9317	9317_gene	10.4235351654554	0.0007139142113716	0.0062258138905606	NCU09866T2	NCU09866
9446_gene	9446	3543048	3544577	.	+	0	9446	9446_gene	1.17671227540499	0.0005909968086452	0.0053856799122929	NCU05157T0	NCU05157
8815_gene	8815	976203	977272	.	-	2	8815	8815_gene	1.2776320749443	4.03856016865584e-07	1.11888688425977e-05	NCU04830T0	NCU04830
9283_gene	9283	2644921	2645177	.	+	0	9283	9283_gene	2.42422415560731	5.62825215994817e-31	4.1544541300646e-28	NCU04072T0	NCU04072
8980_gene	8980	1571404	1571436	.	+	0	8980	8980_gene	1.51744184353839	6.95741430529209e-08	2.43721760782673e-06	NCU05542T0	NCU05542
8777_gene	8777	854582	854718	.	-	2	8777	8777_gene	1.08109863053981	5.21930871962609e-05	0.0007115611650213	NCU04797T0	NCU04797
8613_gene	8613	223468	224583	.	+	0	8613	8613_gene	2.01094712108781	4.43125284014033e-15	5.517176728916889e-13	NCU07081T0	NCU07081
9070_gene	9070	1909986	1910412	.	+	0	9070	9070_gene	1.63832115499514	1.49842985521346e-07	4.74993071281469e-06	NCU03857T0	NCU03857
9315_gene	9315	2769526	2769746	.	+	0	9315	9315_gene	25.4359766334861	1.57464175060967e-11	1.1765524221173601e-09	NCU09866T1	NCU09866
9062_gene	9062	1886476	1886595	.	+	0	9062	9062_gene	1.36759705053136	1.50072294731502e-06	3.52465248580759e-05	NCU03851T0	NCU03851
9057_gene	9057	1874956	1875019	.	+	0	9057	9057_gene	2.77149726920008	3.9719943715241906e-15	5.14722538160789e-13	NCU03847T0	NCU03847
9017_gene	9017	1664014	1664745	.	+	0	9017	9017_gene	2.00423677722467	3.39237061582577e-08	1.30322520237708e-06	NCU05511T0	NCU05511
9461_gene	9461	3587331	3588743	.	+	0	9461	9461_gene	1.96704511336856	2.13413571260532e-08	8.61490564611851e-07	NCU05143T0	NCU05143
8802_gene	8802	928780	929875	.	-	1	8802	8802_gene	1.35848288049296	0.000290371230459	0.0030132531989436	NCU04817T0	NCU04817
8582_gene	8582	138594	139970	.	-	0	8582	8582_gene	1.4378122892409	3.15128478893221e-05	0.0004665526792095	NCU07112T0	NCU07112
9069_gene	9069	1909986	1910412	.	+	0	9069	9069_gene	1.61754258991421	1.74676420101298e-07	5.42073911509555e-06	NCU03857T2	NCU03857
8981_gene	8981	1573064	1573843	.	-	0	8981	8981_gene	1.0460927653986	0.0019146651540891	0.0140526631408787	NCU05541T0	NCU05541
9278_gene	9278	2633326	2633787	.	-	0	9278	9278_gene	5.19073997031529	4.90309573915364e-07	1.32988428788487e-05	NCU04067T0	NCU04067
9048_gene	9048	1825026	1825170	.	+	0	9048	9048_gene	2.07598760616246	2.15102051860735e-16	3.2215429042446904e-14	NCU09873T0	NCU09873
8881_gene	8881	1268128	1269792	.	-	0	8881	8881_gene	2.16330535483738	0.0011802261042275	0.0095136166623145	NCU17083T0	NCU17083
9046_gene	9046	1785669	1786643	.	-	0	9046	9046_gene	1.83203500770273	9.92655660008267e-07	2.43083023472167e-05	NCU10011T0	NCU10011
8583_gene	8583	140630	141829	.	+	0	8583	8583_gene	2.48238357512222	4.311078168829481e-15	5.43300997520534e-13	NCU07111T0	NCU07111
8880_gene	8880	1267200	1267961	.	+	0	8880	8880_gene	7.06817990439096	0.0006442155560959	0.0057440237762687	NCU05631T0	NCU05631
9151_gene	9151	2189414	2189522	.	-	1	9151	9151_gene	1.31261798869394	0.0084085722482542	0.045589814067922	NCU03940T0	NCU03940
8663_gene	8663	415595	416452	.	+	0	8663	8663_gene	2.77062616854776	9.3098993644772e-09	4.20124454290425e-07	NCU04695T0	NCU04695
8567_gene	8567	58229	58594	.	+	0	8567	8567_gene	1.62560439295534	9.67791676467458e-14	9.90213780654922e-12	NCU07127T0	NCU07127
9508_gene	9508	3748375	3749342	.	-	2	9508	9508_gene	1.83076345435408	0.0090472243134907	0.0481679629343706	NCU05097T0	NCU05097
9147_gene	9147	2174294	2175354	.	-	2	9147	9147_gene	1.39592313027113	0.001249289137286	0.009969230845339	NCU03935T0	NCU03935
8612_gene	8612	218814	221561	.	-	0	8612	8612_gene	1.37486616023438	1.47946117841707e-08	6.29166741471688e-07	NCU07082T0	NCU07082
9071_gene	9071	1909986	1910412	.	+	0	9071	9071_gene	1.65868893901972	1.36250232329588e-07	4.35795787283072e-06	NCU03857T1	NCU03857
8586_gene	8586	148182	149163	.	+	0	8586	8586_gene	2.11960600828289	1.82162255759079e-13	1.75931285141525e-11	NCU07108T0	NCU07108
8886_gene	8886	1281025	1282197	.	+	0	8886	8886_gene	1.70671212579382	7.84488969491131e-08	2.67554752829087e-06	NCU05626T0	NCU05626
9152_gene	9152	2191709	2191872	.	-	2	9152	9152_gene	1.10065877035264	0.0070613624384897	0.0399185750556912	NCU10314T0	NCU10314
8634_gene	8634	288649	290319	.	-	0	8634	8634_gene	1.92434754714963	1.90090304285413e-06	4.25193334304212e-05	NCU07065T0	NCU07065
9112_gene	9112	2074083	2074447	.	+	0	9112	9112_gene	1.57985467018565	9.632987905516959e-11	6.183061926435541e-09	NCU03893T0	NCU03893
9282_gene	9282	2641869	2642713	.	-	2	9282	9282_gene	1.27759031273209	1.08512998794726e-05	0.0001907097499225	NCU04071T0	NCU04071
9401_gene	9401	3363256	3363669	.	+	0	9401	9401_gene	2.3193442669774	0.0010590959180799	0.0086862676328873	NCU12130T0	NCU12130
8996_gene	8996	1608870	1608916	.	-	2	8996	8996_gene	1.43757770996352	2.07044993705942e-05	0.0003317213899158	NCU05527T0	NCU05527
8817_gene	8817	996865	996900	.	+	0	8817	8817_gene	1.08205021842743	0.000619308063921	0.0055845807439438	NCU04834T0	NCU04834
9492_gene	9492	3698328	3700826	.	+	0	9492	9492_gene	1.59310891803421	0.0009009258804861	0.0075203296033469	NCU05115T0	NCU05115
8664_gene	8664	421206	421235	.	+	0	8664	8664_gene	3.20010825191837	0.0002769809958909	0.002894157342302	NCU04697T0	NCU04697
9326_gene	9326	3102745	3102921	.	-	0	9326	9326_gene	1.34196514228578	1.04549916334587e-06	2.51845882377999e-05	NCU06009T0	NCU06009
8812_gene	8812	952644	953660	.	+	0	8812	8812_gene	1.04685354162887	0.0085986791212588	0.0463288582059901	NCU04825T0	NCU04825
9323_gene	9323	3092610	3092759	.	+	0	9323	9323_gene	1.34655662051175	0.0018538071939473	0.013683745387323	NCU06011T0	NCU06011
9471_gene	9471	3614838	3615925	.	-	2	9471	9471_gene	1.03296294529247	0.0079040010615815	0.0434317145234818	NCU05133T0	NCU05133
9395_gene	9395	3344848	3346053	.	+	0	9395	9395_gene	1.48557105678211	1.74199236524135e-06	3.95642837415474e-05	NCU05951T0	NCU05951
8706_gene	8706	622662	622998	.	+	0	8706	8706_gene	1.06759649102802	0.0016853409397666	0.0126664096520355	NCU04737T0	NCU04737
8631_gene	8631	275769	277645	.	-	2	8631	8631_gene	1.42827392974051	0.0002286319732928	0.0024636942773809	NCU07068T0	NCU07068
10465_gene	10465	3171988	3172063	.	+	0	10465	10465_gene	2.31318358000767	0.004739969980969	0.0290354770499905	NCU02254T1	NCU02254
9691_gene	9691	238827	239902	.	+	0	9691	9691_gene	1.06416447091677	0.0046639774742538	0.0286549008436022	NCU09451T0	NCU09451
9900_gene	9900	975778	976298	.	+	0	9900	9900_gene	1.11016487429062	5.1232251254543e-05	0.0006993845237311	NCU09568T0	NCU09568
10561_gene	10561	3532169	3532924	.	-	0	10561	10561_gene	1.87269045901704	2.4293895956560002e-12	2.00842496652073e-10	NCU08147T0	NCU08147
10205_gene	10205	2050548	2050652	.	-	0	10205	10205_gene	2.54557559549496	3.4847312385025102e-09	1.69066725909319e-07	NCU06025T0	NCU06025
10248_gene	10248	2522302	2522778	.	-	0	10248	10248_gene	1.59583016027761	1.81936968306076e-06	4.09131972393471e-05	NCU02428T1	NCU02428
10474_gene	10474	3197288	3198701	.	+	0	10474	10474_gene	1.34464102888716	0.0001515389437218	0.0017575796233682	NCU02246T0	NCU02246
9914_gene	9914	1037921	1039318	.	+	0	9914	9914_gene	1.88249420406217	9.74394625720052e-12	7.40396622219928e-10	NCU10051T0	NCU10051
10198_gene	10198	2030652	2030677	.	+	0	10198	10198_gene	2.14764100696532	8.80807819750754e-23	2.93621548687235e-20	NCU06031T0	NCU06031
10195_gene	10195	2021843	2021927	.	+	0	10195	10195_gene	1.2025802874225	3.20510846308364e-05	0.0004732091583313	NCU06034T0	NCU06034
10500_gene	10500	3282359	3283309	.	-	0	10500	10500_gene	1.41024081353026	0.0048283290764546	0.0294371402218774	NCU02222T0	NCU02222
9730_gene	9730	421472	422275	.	+	0	9730	9730_gene	1.46724225527571	1.36418259281371e-05	0.0002318661663509	NCU09040T0	NCU09040
9651_gene	9651	75640	75735	.	+	0	9651	9651_gene	1.31957202392436	0.0003590147024822	0.0035602438011939	NCU12058T0	NCU12058
10458_gene	10458	3153444	3153614	.	-	0	10458	10458_gene	1.21338947855256	0.0002531059501363	0.0026799148449887	NCU02258T0	NCU02258
10144_gene	10144	1889267	1890544	.	+	0	10144	10144_gene	1.00550271164269	0.003010632039595	0.0201241083422864	NCU06077T0	NCU06077
10566_gene	10566	3555373	3555421	.	+	0	10566	10566_gene	6.81574662701629	0.0002175106207458	0.0023758176225374	NCU08152T0	NCU08152
10247_gene	10247	2518032	2519696	.	-	0	10247	10247_gene	1.36770775886589	3.72257344930168e-07	1.04535527242075e-05	NCU02429T0	NCU02429
9845_gene	9845	807517	809919	.	-	0	9845	9845_gene	5.71144647731473	0.0015843132244395	0.012052837597413	NCU06931T0	NCU06931
9742_gene	9742	463631	463912	.	-	0	9742	9742_gene	1.94528311141869	1.65114198348162e-12	1.39859846371304e-10	NCU11395T0	NCU11395
10707_gene	10707	3969744	3970441	.	+	0	10707	10707_gene	1.86297450654834	7.79184613262308e-05	0.0009989754163814	NCU05830T0	NCU05830
10496_gene	10496	3267425	3268449	.	-	2	10496	10496_gene	1.07346713618642	2.0827308509464e-08	8.44036886810985e-07	NCU02226T0	NCU02226
10164_gene	10164	1935273	1935616	.	-	2	10164	10164_gene	1.62569201066764	9.01644729360698e-05	0.0011266743208238	NCU06063T0	NCU06063
10202_gene	10202	2040843	2043293	.	-	0	10202	10202_gene	1.57561001528271	3.3853381745026e-06	7.11624863961078e-05	NCU06028T0	NCU06028
9740_gene	9740	455122	456588	.	-	0	9740	9740_gene	1.86723954111294	0.001535966504067	0.0118249780850524	NCU09050T0	NCU09050
10087_gene	10087	1689738	1689982	.	+	0	10087	10087_gene	1.87284759334001	1.02917545888524e-07	3.38710165354141e-06	NCU06132T0	NCU06132
10596_gene	10596	3646130	3647242	.	-	0	10596	10596_gene	1.57547146860279	0.000114741587065	0.0013966308135811	NCU08178T0	NCU08178
10459_gene	10459	3159170	3160494	.	-	2	10459	10459_gene	1.23391311301636	4.75772312886698e-05	0.0006573036205041	NCU02257T0	NCU02257
10487_gene	10487	3240942	3241062	.	-	1	10487	10487_gene	24.5173516269228	1.9860450929089798e-11	1.43523006923926e-09	NCU02234T1	NCU02234
10580_gene	10580	3603306	3603630	.	+	0	10580	10580_gene	1.26057835284175	0.0006282052627996	0.0056402025940677	NCU08166T0	NCU08166
10550_gene	10550	3500680	3500770	.	+	0	10550	10550_gene	1.25259295883923	2.83204873179983e-05	0.0004272465926192	NCU08137T0	NCU08137
10633_gene	10633	3756228	3757226	.	+	0	10633	10633_gene	7.53279388658871	2.98284321921539e-07	8.58626791848799e-06	NCU05767T0	NCU05767
10724_gene	10724	4026775	4026879	.	+	0	10724	10724_gene	1.29675830045579	0.0006764726073932	0.0059720351836493	NCU05843T0	NCU05843
10653_gene	10653	3813880	3814257	.	+	0	10653	10653_gene	1.17489804905926	0.0020964658280469	0.0151264875956485	NCU05784T0	NCU05784
10165_gene	10165	1939431	1940408	.	+	0	10165	10165_gene	1.72497559558613	1.62759902358812e-05	0.0002691137329561	NCU06062T0	NCU06062
9734_gene	9734	431222	431452	.	+	0	9734	9734_gene	1.52558326131302	2.14331974314861e-07	6.45745371011595e-06	NCU09043T0	NCU09043
10639_gene	10639	3772847	3773962	.	+	0	10639	10639_gene	1.6535734547245	0.0001810875554762	0.0020496810496075	NCU10416T0	NCU10416
10402_gene	10402	2987173	2987851	.	+	0	10402	10402_gene	2.06842209256176	2.239997472937e-08	8.97214491679496e-07	NCU02307T0	NCU02307
9724_gene	9724	405579	405682	.	+	0	9724	9724_gene	1.61411572518083	0.0026865444423403	0.0185337250536486	NCU09034T0	NCU09034
9849_gene	9849	822019	823845	.	-	0	9849	9849_gene	1.69190586006063	2.52837123054115e-07	7.50810008517593e-06	NCU06934T0	NCU06934
10207_gene	10207	2055223	2055744	.	-	0	10207	10207_gene	1.05692835471015	0.0024469001529638	0.0172484762487915	NCU06023T0	NCU06023
10077_gene	10077	1659095	1659828	.	-	2	10077	10077_gene	1.66772913630228	0.0031255918637991	0.0207449366220295	NCU06142T0	NCU06142
10647_gene	10647	3798837	3798978	.	+	0	10647	10647_gene	1.06695717260791	3.7053367857510796e-09	1.7809744346024e-07	NCU05778T0	NCU05778
10166_gene	10166	1941624	1941673	.	-	2	10166	10166_gene	1.00561831739796	1.2491382379946401e-10	7.82339063723429e-09	NCU06061T0	NCU06061
10442_gene	10442	3112188	3113588	.	-	0	10442	10442_gene	1.58055099399847	7.94174256033878e-07	2.02641895354422e-05	NCU02271T0	NCU02271
9887_gene	9887	938266	939283	.	+	0	9887	9887_gene	1.60999698884607	0.0004769557181432	0.0044848593187372	NCU09580T0	NCU09580
10413_gene	10413	3016672	3018372	.	+	0	10413	10413_gene	2.07672819541753	0.0061658685579551	0.0358975130579764	NCU02296T0	NCU02296
9739_gene	9739	452893	452983	.	-	1	9739	9739_gene	1.45334683919548	0.0007296995367184	0.0063187926155873	NCU09049T0	NCU09049
9685_gene	9685	215594	215611	.	-	0	9685	9685_gene	1.40259277650394	0.0032608885015792	0.0214637081371464	NCU09444T0	NCU09444
9913_gene	9913	1032328	1034431	.	-	1	9913	9913_gene	2.74942078038393	3.46585741654506e-06	7.23559000860135e-05	NCU10052T0	NCU10052
10046_gene	10046	1570226	1571185	.	+	0	10046	10046_gene	1.45028670006954	0.003005104901913	0.0201095560172835	NCU12021T0	NCU12021
9993_gene	9993	1381091	1381936	.	-	0	9993	9993_gene	1.83486247793215	2.56277289348818e-06	5.51743647527225e-05	NCU09713T0	NCU09713
10271_gene	10271	2597563	2598633	.	+	0	10271	10271_gene	1.10398289244994	0.0033957045849245	0.0221815494188433	NCU02410T0	NCU02410
10610_gene	10610	3676229	3677033	.	+	0	10610	10610_gene	1.97477601101348	0.0023226490022624	0.0164737507133699	NCU08188T0	NCU08188
10206_gene	10206	2053590	2054669	.	+	0	10206	10206_gene	1.9932909449931	0.00261449421754	0.0181573812124048	NCU06024T0	NCU06024
9856_gene	9856	844132	844168	.	+	0	9856	9856_gene	2.11647637054075	1.23905545622802e-05	0.0002137629229492	NCU06940T0	NCU06940
9923_gene	9923	1110919	1112139	.	-	0	9923	9923_gene	2.17190394648999	0.0044676373818085	0.0276955997022252	NCU12033T0	NCU12033
10717_gene	10717	4009599	4009952	.	+	0	10717	10717_gene	3.74532266908765	1.00846584234343e-21	3.15802606508395e-19	NCU05838T0	NCU05838
10079_gene	10079	1665446	1665934	.	-	0	10079	10079_gene	1.19154838774737	3.93455699709276e-06	8.05142812038745e-05	NCU06140T0	NCU06140
10404_gene	10404	2993237	2993398	.	-	0	10404	10404_gene	1.02810010880548	0.0003323166107007	0.0033588354053678	NCU02305T0	NCU02305
10463_gene	10463	3171988	3172063	.	+	0	10463	10463_gene	2.22477936740119	0.0068426008338682	0.039088688235044	NCU02254T2	NCU02254
10713_gene	10713	3989760	3990609	.	-	1	10713	10713_gene	1.35742496196574	1.54897516687672e-10	9.36088267514855e-09	NCU05835T0	NCU05835
10706_gene	10706	3963942	3964285	.	+	0	10706	10706_gene	1.05024537294586	2.24251346856218e-06	4.92019834057782e-05	NCU05829T0	NCU05829
10122_gene	10122	1801570	1801605	.	+	0	10122	10122_gene	2.77212430062815	0.0043379762675995	0.0271031721580255	NCU06098T0	NCU06098
10331_gene	10331	2750407	2750601	.	-	0	10331	10331_gene	1.19008106847265	5.33796907695051e-06	0.0001050715665546	NCU02360T0	NCU02360
10312_gene	10312	2705009	2705755	.	-	0	10312	10312_gene	2.11312524058041	3.54622696451066e-10	2.07043556221769e-08	NCU02378T0	NCU02378
9995_gene	9995	1383709	1385367	.	+	0	9995	9995_gene	1.72498308560937	0.0055671955748254	0.033007113637548	NCU09712T1	NCU09712
10464_gene	10464	3171988	3172063	.	+	0	10464	10464_gene	2.27086735031274	0.0048426933150335	0.0294552046601272	NCU02254T0	NCU02254
9729_gene	9729	418145	418649	.	+	0	9729	9729_gene	1.77944476685002	0.0008196886077696	0.0069774811142436	NCU09039T0	NCU09039
