Feature Id	Aliases	start	end	score	strand	frame	log2_fold_change	p_value	q_value	NCUT	NCU	motif_ID	motif_ALT_ID	FASTA_score	PWM_score
1764_gene	1764	6685334	6686715	.	-	2	3.49192545218677	0.0003113512348196	0.0031793514433062	NCU00931T1	NCU00931	MA0377.1	SFL1	145.0	14.3924
168_gene	168	620898	620918	.	+	0	1.93831989174956	8.89743925625205E-06	0.0001621624996016	NCU07441T0	NCU07441	MA0356.1	PHO2	15.0	1.86515
2226_gene	2226	8166026	8169337	.	-	0	1.23713726144803	0.003473329637172	0.0226171319915163	NCU00512T0	NCU00512	MA0378.1	SFP1	188.0	1.98868
1283_gene	1283	4960579	4960710	.	+	0	2.05768640094867	0.0002183979427876	0.0023758176225374	NCU03223T1	NCU03223	MA0377.1	SFL1	103.0	6.43189
1488_gene	1488	5616582	5616714	.	-	1	1.23684251493929	9.08363860090866E-07	2.25649810821611E-05	NCU08364T0	NCU08364				
2325_gene	2325	8546444	8546586	.	-	2	1.95848077965068	4.48559149308696E-08	1.66395457868544E-06	NCU02969T0	NCU02969	MA0356.1	PHO2	194.0	1.98603
143_gene	143	540065	540343	.	+	0	1.62132036829619	7.90083647843355E-09	3.58101948105843E-07	NCU07465T0	NCU07465	MA0377.1	SFL1	10.0	2.79432
2525_gene	2525	9273766	9273823	.	+	0	1.20353693748257	6.09308762409524E-06	0.0001174738199764	NCU02767T0	NCU02767	MA0356.1	PHO2	210.0	1.28949
1966_gene	1966	7332880	7333824	.	-	0	1.42850883287657	1.1218134838251E-05	0.0001961560159365	NCU00748T0	NCU00748	MA0356.1	PHO2	165.0	1.27174
1218_gene	1218	4790066	4791808	.	-	0	1.34989517733188	0.0009021229070906	0.0075242438433212	NCU03172T0	NCU03172				
1918_gene	1918	7156100	7156169	.	+	0	1.65693393928106	2.10301330246796E-13	1.99381096033981E-11	NCU00792T0	NCU00792	MA0377.1	SFL1	157.0	3.50079
451_gene	451	1763696	1763742	.	+	0	1.15938120470302	0.0003112077204555	0.0031793514433062	NCU01989T0	NCU01989	MA0336.1	MGA 1	36.0	1.17219
929_gene	929	3358850	3359231	.	+	0	1.15895930159533	8.22856864137223E-06	0.00015266432377	NCU02732T0	NCU02732	MA0378.1	SFP1	74.0	1.73809
856_gene	856	3122315	3123814	.	-	0	1.50160884124119	8.72056365964611E-08	2.96441792298628E-06	NCU02665T0	NCU02665	MA0929.1	NCU00019	72.0	1.44288
1160_gene	1160	4628234	4628524	.	+	0	1.51874159984326	1.57251401017587E-06	3.65999094170213E-05	NCU03120T0	NCU03120	MA0336.1	MGA 1	89.0	1.71069
337_gene	337	1298311	1298608	.	-	1	1.33500124312965	0.0006664339860259	0.0059064569567685	NCU02097T0	NCU02097	MA0336.1	MGA 1	27.0	12.5725
820_gene	820	2990412	2992844	.	-	0	1.33770056069224	0.0020957975458777	0.0151264875956485	NCU02630T0	NCU02630				
2194_gene	2194	8066094	8066148	.	+	0	2.03637077759833	0.0034350768570707	0.0223821464318845	NCU10916T0	NCU10916				
1032_gene	1032	4126280	4126476	.	-	2	2.47686795130769	1.35403358955301E-12	1.16604859287007E-10	NCU09811T0	NCU09811	MA0336.1	MGA 1	81.0	2.48993
339_gene	339	1308488	1309242	.	-	2	1.28919871321431	0.0013841638172896	0.0108363249150542	NCU02095T0	NCU02095	MA0377.1	SFL1	28.0	1.62447
1638_gene	1638	6175462	6176399	.	-	2	1.06183065023932	0.0033407611537835	0.0218620942531932	NCU07374T0	NCU07374				
1959_gene	1959	7303582	7304606	.	-	2	5.22806845882282	3.32344294598385E-17	5.63023924652412E-15	NCU00754T0	NCU00754	MA0356.1	PHO2	164.0	1.06773
1033_gene	1033	4131500	4131587	.	+	0	1.4366838260856	7.05832353627184E-05	0.0009233001952383	NCU09812T0	NCU09812	MA0356.1	PHO2	82.0	1.00996
554_gene	554	2102458	2102674	.	+	0	2.41149094776436	0.0058712298842096	0.0345519872570744	NCU01898T1	NCU01898	MA0336.1	MGA 1	45.0	11.0379
1177_gene	1177	4677278	4679251	.	+	0	1.21431051548655	0.0077148016352748	0.0426792238004999	NCU03134T0	NCU03134				
11_gene	11	53553	54416	.	+	0	1.15415925485501	2.9516675988208E-06	6.30217623268888E-05	NCU09911T0	NCU09911	MA0378.1	SFP1	4.0	12.4508
1839_gene	1839	6917374	6918318	.	-	0	1.22096719717302	1.50202412466578E-05	0.0002532123540668	NCU00866T0	NCU00866	MA0929.1	NCU00019	147.0	1.2019
130_gene	130	491910	493376	.	-	0	1.26971154358879	0.0005921659534551	0.0053915797030881	NCU07478T0	NCU07478	MA0336.1	MGA 1	9.0	2.79914
812_gene	812	2954772	2955411	.	+	0	3.71708997488294	3.09151564632125E-58	1.59738613445419E-54	NCU02623T0	NCU02623	MA0929.1	NCU00019	68.0	1.16
2058_gene	2058	7648543	7648572	.	+	0	1.25168141664013	0.0032602871853188	0.0214637081371464	NCU16445T1	NCU16445	MA0336.1	MGA 1	170.0	8.43886
2057_gene	2057	7648543	7648572	.	+	0	1.26582073927379	0.0019203460155213	0.0140843546660029	NCU16445T0	NCU16445	MA0336.1	MGA 1	170.0	8.43886
142_gene	142	540065	540343	.	+	0	1.57966923176925	4.6993716542725E-08	1.71601790371915E-06	NCU07465T1	NCU07465	MA0377.1	SFL1	10.0	2.79432
1010_gene	1010	3712525	3714112	.	+	0	1.11361745689857	3.36664869207071E-05	0.0004920926108042	NCU10059T0	NCU10059	MA0377.1	SFL1	80.0	2.30135
344_gene	344	1359311	1359459	.	-	2	1.11709827662657	6.49543820677906E-11	4.33057151153902E-09	NCU02090T0	NCU02090				
1553_gene	1553	5853014	5853619	.	-	0	2.27616096157323	0.0007300791932466	0.0063187926155873	NCU09211T0	NCU09211	MA0378.1	SFP1	128.0	1.96921
2392_gene	2392	8734346	8734801	.	+	0	1.30157397597361	0.0009482654143529	0.0078583598972925	NCU02906T0	NCU02906				
177_gene	177	644751	645023	.	-	0	1.08662859865624	0.0050829223467248	0.0305389067041017	NCU07432T0	NCU07432	MA0929.1	NCU00019	16.0	1.75331
2140_gene	2140	7907813	7907876	.	-	1	1.21497249468482	1.54680897891877E-05	0.0002594922725348	NCU00589T0	NCU00589	MA0377.1	SFL1	174.0	3.67462
997_gene	997	3589957	3590379	.	+	0	1.37234386191851	9.11152183006149E-05	0.0011344393565283	NCU09363T0	NCU09363				
2146_gene	2146	7921219	7922080	.	-	1	1.50863521606903	7.17462721121447E-08	2.48006473028342E-06	NCU00585T0	NCU00585	MA0377.1	SFL1	178.0	1.3668
2184_gene	2184	8030088	8030768	.	-	0	1.27099408700965	4.34430300855026E-10	2.49411262724213E-08	NCU00552T0	NCU00552				
2459_gene	2459	8985695	8986258	.	-	0	2.43947792903962	0.0017961845914204	0.0133250334298199	NCU16488T0	NCU16488	MA0377.1	SFL1	200.0	7.38989
2636_gene	2636	9768324	9768629	.	+	0	1.07074235253062	0.0082248463069258	0.0448288827720317	NCU10030T1	NCU10030	MA0336.1	MGA 1	215.0	1.76978
527_gene	527	2024978	2025012	.	-	2	1.2116041587589	0.0036282124129452	0.0234044613454281	NCU11201T0	NCU11201	MA0929.1	NCU00019	44.0	3.82854
2198_gene	2198	8088235	8089255	.	+	0	1.15582560518923	0.0015545500162919	0.0119351559200307	NCU00538T0	NCU00538	MA0336.1	MGA 1	183.0	2.37795
1948_gene	1948	7267094	7268225	.	+	0	7.04841051900844	0.000234607865033	0.0025202054857081	NCU00763T0	NCU00763				
2572_gene	2572	9473593	9474443	.	-	2	2.4149478083045	1.01530512045611E-13	1.02864344262681E-11	NCU09231T0	NCU09231	MA0377.1	SFL1	211.0	1.96892
9_gene	9	45569	45913	.	-	0	3.14775543420375	4.81569740505166E-05	0.0006644247928411	NCU09909T0	NCU09909	MA0377.1	SFL1	2.0	1.91236
2038_gene	2038	7573217	7573502	.	+	0	1.2948927888651	3.64284169361733E-10	2.11489472257537E-08	NCU00682T0	NCU00682				
783_gene	783	2861789	2861884	.	-	0	1.4441706345858	2.92884551144228E-06	6.26639534477113E-05	NCU02598T0	NCU02598	MA0356.1	PHO2	66.0	1.19387
1916_gene	1916	7149409	7149667	.	+	0	1.6607178315856	0.0017668509156546	0.0131451672875271	NCU10894T0	NCU10894				
1414_gene	1414	5380849	5381023	.	+	0	1.82916459560368	3.02282893177624E-10	1.78502366748432E-08	NCU09115T0	NCU09115	MA0336.1	MGA 1	116.0	1.41435
1405_gene	1405	5347160	5347869	.	-	2	1.04495734330315	0.0001770616747488	0.0020129321747575	NCU09108T0	NCU09108	MA0378.1	SFP1	114.0	3.18724
1530_gene	1530	5777647	5777728	.	+	0	1.57894203436312	3.273917844255E-12	2.6226873645373E-10	NCU09192T0	NCU09192	MA0377.1	SFL1	124.0	1.67781
2256_gene	2256	8331555	8332120	.	+	0	2.03680229918888	4.03122496159902E-11	2.77724525021095E-09	NCU03043T0	NCU03043	MA0377.1	SFL1	189.0	1.7215
239_gene	239	965953	966300	.	+	0	1.27339110200258	1.42295032792624E-05	0.0002406672453157	NCU02179T0	NCU02179	MA0377.1	SFL1	20.0	1.8695
1315_gene	1315	5097967	5098033	.	+	0	1.15638443736046	4.50065695602562E-09	2.15323097146152E-07	NCU03257T0	NCU03257	MA0336.1	MGA 1	108.0	1.91123
237_gene	237	952740	954620	.	+	0	1.81251000998547	1.21094721430165E-08	5.25795315655178E-07	NCU02182T0	NCU02182	MA0377.1	SFL1	19.0	2.88892
1748_gene	1748	6632589	6632773	.	+	0	2.06363418698132	3.28754890482019E-13	3.0606784128299E-11	NCU00943T0	NCU00943				
1690_gene	1690	6466984	6467120	.	-	2	1.49154497349139	9.00584304095979E-06	0.000163619240992	NCU00992T0	NCU00992				
2143_gene	2143	7917882	7918206	.	-	1	1.98685628838786	1.70564069272516E-16	2.63075983860028E-14	NCU00586T0	NCU00586	MA0356.1	PHO2	177.0	1.33029
909_gene	909	3285126	3285989	.	-	0	1.59300072496992	1.70508064279353E-06	3.88112408868465E-05	NCU02713T0	NCU02713	MA0336.1	MGA 1	73.0	1.66294
583_gene	583	2194873	2195057	.	-	2	1.21895686532661	0.0037531712894003	0.0240007871934794	NCU01872T0	NCU01872	MA0378.1	SFP1	51.0	2.48164
990_gene	990	3566684	3567054	.	+	0	1.29635106972554	7.480669427805E-06	0.0001402998872358	NCU09368T0	NCU09368	MA0377.1	SFL1	77.0	1.4547
2126_gene	2126	7870388	7872256	.	-	0	1.29486917206073	0.0013198798407804	0.0103881479623951	NCU00602T0	NCU00602	MA0929.1	NCU00019	173.0	3.51098
737_gene	737	2736008	2736059	.	+	0	1.98934948228571	1.10394685954338E-14	1.32653335424666E-12	NCU02560T0	NCU02560	MA0378.1	SFP1	63.0	5.83293
333_gene	333	1288285	1290111	.	+	0	1.52623909608471	7.14770854516643E-10	3.9499689896123E-08	NCU02100T0	NCU02100	MA0336.1	MGA 1	26.0	1.39682
1263_gene	1263	4911213	4911355	.	+	0	1.45843262406981	0.0015608026169292	0.0119523020430728	NCU03209T0	NCU03209				
1064_gene	1064	4252460	4253613	.	-	2	1.67275274330742	6.89859087893879E-17	1.14983932488635E-14	NCU09321T0	NCU09321	MA0336.1	MGA 1	84.0	1.64717
2145_gene	2145	7917882	7918206	.	-	1	1.96826190454208	4.73281108409399E-15	5.82248449321753E-13	NCU00586T2	NCU00586	MA0356.1	PHO2	177.0	1.33029
1295_gene	1295	5002034	5003814	.	-	2	3.45253539522899	2.70858479089503E-08	1.06427814559351E-06	NCU03235T0	NCU03235	MA0377.1	SFL1	105.0	19.5899
668_gene	668	2537429	2538595	.	+	0	3.91145340051072	2.69196176374007E-23	9.27291095549662E-21	NCU02502T0	NCU02502	MA0377.1	SFL1	59.0	2.56807
714_gene	714	2669229	2669699	.	-	0	1.79369817458574	1.92450066060963E-09	9.89442279937307E-08	NCU02540T0	NCU02540	MA0377.1	SFL1	61.0	3.48163
1366_gene	1366	5222692	5223278	.	-	2	1.64994169737218	0.0002296798274368	0.0024724076424297	NCU03297T1	NCU03297				
584_gene	584	2196759	2196839	.	+	0	1.96704639449596	2.68972019266729E-08	1.06089955996274E-06	NCU01871T0	NCU01871	MA0377.1	SFL1	52.0	6.12799
789_gene	789	2871942	2872507	.	-	2	1.9378648875895	3.43784404675605E-06	7.19163570428686E-05	NCU02603T0	NCU02603	MA0377.1	SFL1	67.0	2.43965
155_gene	155	571276	571565	.	-	2	1.94622784546147	0.0060145065513256	0.0352602914492194	NCU07454T0	NCU07454	MA0356.1	PHO2	12.0	1.50715
1535_gene	1535	5794433	5794950	.	-	2	1.22707744189901	0.0085756920957519	0.0462532370133092	NCU09197T0	NCU09197	MA0336.1	MGA 1	125.0	1.85143
2493_gene	2493	9118068	9121265	.	+	0	34.8911888810328	2.1227762624577E-16	3.22154290424469E-14	NCU02793T2	NCU02793				
157_gene	157	576205	577509	.	-	0	2.84088379052645	1.86616941009132E-08	7.71399787355347E-07	NCU07452T0	NCU07452	MA0336.1	MGA 1	14.0	1.73364
1259_gene	1259	4903727	4903738	.	+	0	2.39224454012813	3.60861681360084E-13	3.30012797803107E-11	NCU03205T0	NCU03205	MA0356.1	PHO2	100.0	1.62027
2213_gene	2213	8130742	8131724	.	-	2	1.02466568734416	7.0385118321379E-08	2.45729666463895E-06	NCU00523T0	NCU00523	MA0377.1	SFL1	187.0	4.61979
365_gene	365	1462848	1463339	.	+	0	2.5043465747657	0.0025315333490128	0.0176762605599318	NCU02071T0	NCU02071	MA0336.1	MGA 1	31.0	1.37794
1282_gene	1282	4960253	4960283	.	+	0	1.02147455490625	0.0077391997374242	0.0427683904206108	NCU03223T0	NCU03223	MA0377.1	SFL1	103.0	6.43189
505_gene	505	1923233	1923590	.	-	1	1.29150426005287	0.0071016120891941	0.0400152995254812	NCU01942T0	NCU01942	MA0336.1	MGA 1	41.0	2.13861
1327_gene	1327	5132654	5133144	.	-	2	1.08847272171145	0.0070645957324166	0.0399185750556912	NCU03267T0	NCU03267	MA0377.1	SFL1	109.0	1.4962
1549_gene	1549	5838532	5839120	.	+	0	1.05180281114256	0.0001928921976924	0.0021561990349747	NCU09207T0	NCU09207	MA0377.1	SFL1	127.0	51.2466
1945_gene	1945	7252480	7252998	.	-	0	1.58566588875019	8.6772434766696E-21	2.35975352862904E-18	NCU00766T0	NCU00766	MA0336.1	MGA 1	160.0	1.62224
738_gene	738	2738075	2738492	.	+	0	1.02214266894667	0.0001108401313079	0.0013523281191697	NCU02561T0	NCU02561	MA0356.1	PHO2	64.0	1.02057
2596_gene	2596	9608358	9608577	.	-	1	2.54183160390276	0.0015367606310106	0.0118249780850524	NCU08614T0	NCU08614				
1743_gene	1743	6616034	6616131	.	-	2	2.2754052220711	2.57184296193407E-05	0.0003972709292769	NCU00948T0	NCU00948	MA0377.1	SFL1	141.0	16.708
404_gene	404	1608107	1609626	.	-	2	1.47690048240255	0.0020016071390789	0.0145563745075592	NCU02035T0	NCU02035	MA0336.1	MGA 1	32.0	2.78983
1065_gene	1065	4256658	4256674	.	+	0	1.72064046234071	1.53072195443997E-06	3.57884178216803E-05	NCU09320T0	NCU09320	MA0356.1	PHO2	85.0	1.49526
1440_gene	1440	5455724	5457505	.	+	0	1.01738635365227	0.0002140893551771	0.0023436434283905	NCU09135T0	NCU09135	MA0356.1	PHO2	118.0	1.06935
1288_gene	1288	4976460	4976885	.	-	0	1.68593798900814	0.0049477834366346	0.0299533649878048	NCU03228T0	NCU03228	MA0336.1	MGA 1	104.0	4.70789
1604_gene	1604	6048491	6049939	.	+	0	1.00449476146689	1.08058241904254E-05	0.0001905586812011	NCU07405T0	NCU07405	MA0377.1	SFL1	131.0	2.94425
476_gene	476	1832558	1832723	.	+	0	1.29409041808824	1.31238814336866E-05	0.0002245400508869	NCU01968T0	NCU01968	MA0929.1	NCU00019	39.0	1.42238
851_gene	851	3099220	3099675	.	-	0	1.03759962279039	6.59217218682937E-06	0.0001256891280049	NCU02660T0	NCU02660	MA0336.1	MGA 1	70.0	7.64154
1445_gene	1445	5468411	5470306	.	+	0	1.33258436437782	0.0028462054296046	0.0194015085155239	NCU09140T0	NCU09140				
561_gene	561	2129252	2129425	.	-	0	1.27361329463902	0.0006050695573785	0.0054849024613598	NCU01891T0	NCU01891	MA0929.1	NCU00019	48.0	2.38099
1609_gene	1609	6061629	6061814	.	+	0	1.20095177838528	0.0002868102577348	0.0029847907386026	NCU07401T0	NCU07401				
434_gene	434	1703238	1704434	.	-	0	4.82420335141405	6.83442971298732E-123	7.06269966540109E-119	NCU02005T0	NCU02005	MA0377.1	SFL1	34.0	9.24954
1126_gene	1126	4512970	4513419	.	-	0	1.71114435007766	2.79710400804957E-05	0.0004234015295815	NCU16386T0	NCU16386	MA0356.1	PHO2	87.0	1.01084
2195_gene	2195	8068481	8069752	.	+	0	1.29462799453597	4.213348489241E-05	0.0005923910651403	NCU00542T0	NCU00542	MA0336.1	MGA 1	182.0	1.7353
691_gene	691	2609315	2609315	.	+	0	2.02952377996647	1.92020984786682E-11	1.3974259554828E-09	NCU02523T0	NCU02523	MA0356.1	PHO2	60.0	1.47524
1958_gene	1958	7298899	7300201	.	+	0	2.7120916669029	2.16412902953235E-14	2.51282127990869E-12	NCU00755T0	NCU00755	MA0377.1	SFL1	163.0	2.42759
2464_gene	2464	9015411	9016013	.	-	0	6.79365320554999	2.44235370394492E-05	0.0003806830041714	NCU02817T0	NCU02817	MA0336.1	MGA 1	201.0	2.13569
409_gene	409	1627789	1628220	.	+	0	1.10672160620123	0.0080469846490552	0.0439986980758398	NCU02030T0	NCU02030	MA0377.1	SFL1	33.0	9.53528
38_gene	38	163963	164007	.	+	0	2.8266968417341	1.00034381257783E-16	1.64088142209195E-14	NCU08069T0	NCU08069				
741_gene	741	2745978	2747348	.	-	0	1.27382675870576	0.0044746174207568	0.0277222400636097	NCU02564T0	NCU02564				
1861_gene	1861	6971808	6972875	.	+	0	1.32136536448498	7.13937137440753E-07	1.84445659457819E-05	NCU00847T0	NCU00847	MA0356.1	PHO2	150.0	1.45623
2181_gene	2181	8019696	8020922	.	-	0	1.05629104219107	0.0001221890595194	0.0014733975975192	NCU16454T0	NCU16454	MA0356.1	PHO2	179.0	1.01983
502_gene	502	1906728	1906752	.	+	0	1.15183802302927	1.52281901047657E-07	4.81248062821557E-06	NCU01945T0	NCU01945				
2042_gene	2042	7586825	7588621	.	-	0	1.01374503028162	0.0049673652983864	0.0300533713254298	NCU00678T0	NCU00678				
1308_gene	1308	5049646	5050090	.	-	1	1.83643376372951	9.44082483332384E-08	3.16758064375223E-06	NCU03247T0	NCU03247	MA0377.1	SFL1	106.0	1.35705
1917_gene	1917	7151516	7151538	.	+	0	1.41912526430674	1.41998296277921E-05	0.0002405590809403	NCU00793T0	NCU00793	MA0929.1	NCU00019	156.0	1.2526
1756_gene	1756	6663858	6664111	.	+	0	1.01665696757941	7.96304649297198E-06	0.0001482704909159	NCU00938T0	NCU00938	MA0377.1	SFL1	143.0	14.6249
12_gene	12	55262	56845	.	+	0	2.29234924322259	7.42533373401548E-29	4.79583742545725E-26	NCU09912T0	NCU09912				
1227_gene	1227	4808279	4809040	.	-	0	4.23945330686963	1.9662450552021E-06	4.3791328449264E-05	NCU03176T1	NCU03176	MA0929.1	NCU00019	97.0	2.35299
522_gene	522	1997390	1997497	.	+	0	1.77875649332496	1.19926253017642E-06	2.86879143213962E-05	NCU01926T0	NCU01926	MA0336.1	MGA 1	42.0	1.45372
303_gene	303	1165644	1165915	.	+	0	1.38372181701682	2.96593131770895E-06	6.31335319238582E-05	NCU02124T0	NCU02124	MA0377.1	SFL1	24.0	1.75419
1838_gene	1838	6916137	6916578	.	+	0	1.13287405943372	2.02466313871304E-09	1.03578558789409E-07	NCU00867T0	NCU00867				
1909_gene	1909	7127315	7128967	.	-	0	1.05438296205377	0.0049907824099108	0.030143042328474	NCU00800T0	NCU00800	MA0336.1	MGA 1	154.0	1.19992
521_gene	521	1997390	1997497	.	+	0	1.78778316769219	8.40636782802822E-07	2.11593670339818E-05	NCU01926T1	NCU01926	MA0336.1	MGA 1	42.0	1.45372
2199_gene	2199	8094561	8095283	.	-	0	1.38106486854394	2.8807212994425E-05	0.0004323932983245	NCU00537T0	NCU00537	MA0377.1	SFL1	184.0	6.01695
1546_gene	1546	5827049	5827321	.	+	0	1.08210020596935	3.35704886982295E-08	1.29446802316233E-06	NCU09205T0	NCU09205				
629_gene	629	2411252	2411360	.	+	0	19.833663026556	3.09306019417015E-06	6.52320082582741E-05	NCU02466T1	NCU02466				
2343_gene	2343	8604284	8604374	.	+	0	1.03737358438913	3.74949721392768E-05	0.0005385898357887	NCU02952T0	NCU02952	MA0377.1	SFL1	195.0	1.97762
582_gene	582	2191189	2191528	.	-	1	8.15462901818546	8.41860419375286E-07	2.11593670339818E-05	NCU01873T0	NCU01873	MA0356.1	PHO2	50.0	1.1499
1597_gene	1597	6028808	6029707	.	+	0	1.4033459039768	9.77685285779421E-08	3.25916120749824E-06	NCU07411T0	NCU07411				
26_gene	26	128735	128949	.	+	0	1.15093493680183	4.62660501584089E-08	1.7015332007925E-06	NCU08057T0	NCU08057	MA0377.1	SFL1	6.0	3.22826
1464_gene	1464	5549400	5550128	.	+	0	2.46133810700452	0.0046191031308962	0.0284615667175907	NCU08380T2	NCU08380				
1203_gene	1203	4750710	4751156	.	+	0	1.48626406343622	0.0035577655823807	0.0230652130039663	NCU03157T0	NCU03157				
1840_gene	1840	6919628	6921082	.	+	0	3.20719120753714	6.82214941248859E-24	2.43103765616059E-21	NCU00865T0	NCU00865				
1557_gene	1557	5876563	5876875	.	+	0	2.05616627438334	8.00814486786667E-05	0.0010226879802464	NCU09214T0	NCU09214	MA0377.1	SFL1	129.0	7.89468
247_gene	247	992398	993075	.	+	0	1.87936917782309	1.50572297988261E-05	0.0002534224963209	NCU02174T0	NCU02174	MA0336.1	MGA 1	21.0	2.02627
2144_gene	2144	7917882	7918206	.	-	1	1.98659075862603	3.81558540947446E-16	5.47642494743182E-14	NCU00586T1	NCU00586	MA0356.1	PHO2	177.0	1.33029
156_gene	156	574657	574716	.	+	0	3.03052672192393	1.36337219477252E-21	4.14384948846449E-19	NCU07453T0	NCU07453				
1877_gene	1877	7024705	7025124	.	+	0	1.97102332138926	1.66453241964439E-06	3.79719161691062E-05	NCU00832T0	NCU00832	MA0336.1	MGA 1	151.0	1.40716
2354_gene	2354	8629894	8630958	.	+	0	1.01155346419903	7.23917334782703E-08	2.49365391254815E-06	NCU02942T0	NCU02942				
1309_gene	1309	5056553	5056656	.	-	2	1.72035253110099	0.0079054630364495	0.0434317145234818	NCU03248T0	NCU03248	MA0336.1	MGA 1	107.0	1.99442
1619_gene	1619	6095513	6097443	.	-	2	1.56487862460846	3.78777893917278E-16	5.47642494743182E-14	NCU07392T0	NCU07392	MA0336.1	MGA 1	134.0	1.38899
1904_gene	1904	7114066	7115411	.	+	0	1.49820255520346	2.53770685802084E-12	2.08132243418947E-10	NCU00803T0	NCU00803	MA0356.1	PHO2	152.0	1.05491
1219_gene	1219	4793928	4795032	.	-	1	1.44482740509075	0.0021656391935202	0.0155199136101516	NCU03173T0	NCU03173	MA0336.1	MGA 1	95.0	2.28621
472_gene	472	1819380	1819508	.	-	0	1.38372137456285	0.000727278617651	0.006305115129871	NCU01972T0	NCU01972	MA0377.1	SFL1	38.0	6.09067
2204_gene	2204	8106187	8106191	.	+	0	5.5026463362282	0.0069923035313338	0.0397024531279144	NCU00532T0	NCU00532				
1982_gene	1982	7383350	7383940	.	+	0	3.92786255023843	0.0001936703252147	0.0021613273658419	NCU00733T0	NCU00733	MA0356.1	PHO2	166.0	1.36451
2120_gene	2120	7853920	7854066	.	+	0	1.38068229164653	4.03084159473813E-08	1.50922887826173E-06	NCU00608T0	NCU00608				
1347_gene	1347	5174419	5174475	.	+	0	1.20082158044476	8.2049718421606E-05	0.0010401610313581	NCU03284T0	NCU03284	MA0336.1	MGA 1	110.0	2.66439
2469_gene	2469	9041765	9042442	.	-	0	1.30124733523838	0.006348142598703	0.0368135272811432	NCU02811T0	NCU02811	MA0377.1	SFL1	202.0	5.61671
2200_gene	2200	8096632	8098209	.	+	0	2.07917601234482	2.37777304927059E-14	2.70020952650135E-12	NCU00536T0	NCU00536				
1108_gene	1108	4470293	4470412	.	+	0	1.01521705083955	0.0092333022300622	0.0489317667925454	NCU03078T0	NCU03078	MA0336.1	MGA 1	86.0	3.7806
566_gene	566	2148869	2149006	.	-	0	3.24746486732375	9.49969679165056E-09	4.26825507151813E-07	NCU10570T0	NCU10570				
1367_gene	1367	5222692	5223278	.	-	2	1.66313311733821	0.0001886406881838	0.0021189270344476	NCU03297T2	NCU03297				
1365_gene	1365	5222692	5223278	.	-	2	1.63701979491371	0.0002778892460841	0.0029007146151852	NCU03297T0	NCU03297				
1621_gene	1621	6112190	6112204	.	+	0	1.40457995784552	3.40913712616761E-06	7.14604930259962E-05	NCU07389T0	NCU07389	MA0377.1	SFL1	135.0	16.3566
2479_gene	2479	9070170	9070319	.	+	0	1.47179544716532	0.0015948712108937	0.0121008803916121	NCU02802T0	NCU02802	MA0336.1	MGA 1	203.0	1.72005
2259_gene	2259	8348756	8349986	.	-	1	1.241764774369	2.31738504760153E-05	0.0003650587969804	NCU03040T0	NCU03040	MA0356.1	PHO2	190.0	1.22838
455_gene	455	1775399	1775567	.	+	0	3.46882438073134	2.24535639275947E-37	2.90043912034704E-34	NCU01985T0	NCU01985	MA0336.1	MGA 1	37.0	1.29244
190_gene	190	747758	748971	.	-	2	1.24952391787594	0.0069111017818384	0.0393278225845364	NCU09069T0	NCU09069	MA0377.1	SFL1	18.0	60.452
1936_gene	1936	7220527	7220701	.	-	1	2.96607471804191	0.0003682680025215	0.0036348438758904	NCU00773T0	NCU00773				
2634_gene	2634	9766144	9766493	.	-	2	1.03928060898934	3.27449721692057E-10	1.92265080907143E-08	NCU10029T0	NCU10029	MA0377.1	SFL1	213.0	1.37331
854_gene	854	3109341	3109709	.	+	0	1.49456326222114	3.45543304568495E-08	1.32253500348549E-06	NCU02663T0	NCU02663	MA0377.1	SFL1	71.0	1.82889
1946_gene	1946	7256383	7256544	.	+	0	2.72859751731267	0.0012425316745755	0.0099231561710881	NCU00765T0	NCU00765	MA0336.1	MGA 1	161.0	1.41595
1860_gene	1860	6968177	6969913	.	+	0	2.78069252795106	5.12310401179816E-06	0.0001015221536917	NCU00848T0	NCU00848	MA0377.1	SFL1	149.0	3.12613
1050_gene	1050	4207034	4207187	.	+	0	1.03903207196892	1.93832198401274E-08	7.91724086276192E-07	NCU09331T0	NCU09331	MA0929.1	NCU00019	83.0	1.99604
618_gene	618	2356304	2356468	.	+	0	1.25930908594183	1.65798849806568E-06	3.79063122544484E-05	NCU09975T1	NCU09975	MA0336.1	MGA 1	56.0	2.54118
2490_gene	2490	9105406	9106058	.	-	2	2.61116618568041	2.40709193445221E-07	7.16855563418708E-06	NCU10987T0	NCU10987	MA0356.1	PHO2	204.0	1.18728
2453_gene	2453	8957686	8958504	.	+	0	1.24456042858198	8.83053199636545E-08	2.97641027603219E-06	NCU02834T0	NCU02834	MA0356.1	PHO2	199.0	1.69086
10_gene	10	49272	50967	.	-	1	1.45824352708427	2.97679032483448E-05	0.00044374763097	NCU09910T0	NCU09910				
1622_gene	1622	6120707	6122401	.	+	0	1.21423199986368	0.0002619509730334	0.0027622462809463	NCU07388T0	NCU07388	MA0377.1	SFL1	136.0	18.944
735_gene	735	2731855	2731910	.	+	0	1.27595462871881	4.35273766871517E-06	8.79947390644949E-05	NCU02558T0	NCU02558	MA0336.1	MGA 1	62.0	1.1472
1000_gene	1000	3664545	3664776	.	+	0	1.06166045658234	2.69758987214304E-05	0.0004123800848923	NCU09999T0	NCU09999	MA0336.1	MGA 1	79.0	1.61593
1196_gene	1196	4732008	4732184	.	-	0	1.05299824457105	0.0001311438034302	0.0015577472007456	NCU03151T0	NCU03151	MA0356.1	PHO2	92.0	1.25841
1161_gene	1161	4628234	4628524	.	+	0	1.48965060822216	2.54023305673631E-06	5.48032743388581E-05	NCU03120T1	NCU03120	MA0336.1	MGA 1	89.0	1.71069
39_gene	39	171263	171365	.	-	1	1.27675254570215	3.4431455824781E-13	3.17691664726149E-11	NCU08070T0	NCU08070				
555_gene	555	2106257	2107026	.	-	2	1.39481770851715	1.22023489483794E-05	0.0002108680167768	NCU01897T0	NCU01897	MA0377.1	SFL1	47.0	302.977
2276_gene	2276	8412738	8415056	.	-	0	1.12642728443433	0.002157017442782	0.0154903531992424	NCU03022T0	NCU03022	MA0377.1	SFL1	192.0	13.8008
2097_gene	2097	7762760	7763055	.	+	0	1.67657160186004	0.0012688038104189	0.0100705211803909	NCU00630T0	NCU00630	MA0377.1	SFL1	171.0	194.157
2322_gene	2322	8538545	8538581	.	+	0	1.70495196532418	0.000262511748016	0.0027639814840134	NCU02973T0	NCU02973				
1246_gene	1246	4867888	4867928	.	+	0	1.06661687405731	2.34468106273563E-06	5.12260763262368E-05	NCU03195T0	NCU03195	MA0336.1	MGA 1	99.0	3.44579
298_gene	298	1153219	1153596	.	-	0	1.16301900017811	3.23997727950642E-05	0.0004769582195334	NCU02128T1	NCU02128	MA0336.1	MGA 1	23.0	2.69391
447_gene	447	1749667	1750669	.	-	1	1.30361738422241	3.87668588321739E-07	1.07692666444001E-05	NCU01993T0	NCU01993	MA0377.1	SFL1	35.0	4.64341
364_gene	364	1459392	1460486	.	-	0	1.43783478006458	0.0025768977895498	0.0179445160089006	NCU02073T0	NCU02073				
1935_gene	1935	7218184	7219288	.	-	1	1.03421093810005	0.0028807012195788	0.0195079727412374	NCU00774T0	NCU00774				
1_gene	1	1436	1449	.	-	2	1.4038114621955	0.0010465790853866	0.008597256175187	NCU10129T0	NCU10129	MA0356.1	PHO2	1.0	2.61498
1404_gene	1404	5347160	5347869	.	-	2	1.02795574415037	0.0004373100899953	0.0041882877386576	NCU09108T1	NCU09108	MA0378.1	SFP1	114.0	3.18724
2345_gene	2345	8608632	8608669	.	+	0	1.78963348335433	0.0004571285244869	0.0043259763480296	NCU02950T0	NCU02950	MA0929.1	NCU00019	196.0	1.18921
1174_gene	1174	4667349	4668486	.	-	1	1.62213996126177	1.90937900236445E-05	0.00030878752129	NCU03131T0	NCU03131	MA0336.1	MGA 1	90.0	1.14359
585_gene	585	2196759	2196839	.	+	0	1.95551984753809	4.64323942929635E-08	1.7015332007925E-06	NCU01871T1	NCU01871	MA0377.1	SFL1	52.0	6.12799
2265_gene	2265	8363029	8364072	.	-	0	1.80054514742245	1.2866079668614E-08	5.53991947064405E-07	NCU03035T0	NCU03035	MA0377.1	SFL1	191.0	4.24738
1742_gene	1742	6604294	6609572	.	-	2	1.27608125783474	0.0018410460764805	0.0136058003634309	NCU00949T0	NCU00949	MA0336.1	MGA 1	140.0	1.1851
3032_gene	3032	1694106	1694139	.	-	1	5.71317099702406	0.0030733739550039	0.0204772704390782	NCU16538T0	NCU16538	MA0377.1	SFL1	233.0	1.33407
2912_gene	2912	1028942	1030063	.	+	0	1.59543006219022	9.11860499221559E-06	0.0001647406713104	NCU11245T0	NCU11245				
2909_gene	2909	1021430	1022585	.	+	0	1.42707584167867	9.86191094938553E-07	2.42073605109145E-05	NCU03348T0	NCU03348	MA0336.1	MGA 1	226.0	2.31326
2696_gene	2696	225731	226501	.	-	0	1.10119798377828	6.13290405108503E-09	2.83301885141855E-07	NCU03561T0	NCU03561	MA0336.1	MGA 1	217.0	13.6729
3192_gene	3192	2306090	2306095	.	-	0	2.17150109742572	0.0003789199558713	0.0037222042052987	NCU01819T1	NCU01819	MA0377.1	SFL1	241.0	14.2687
2758_gene	2758	467621	467741	.	+	0	1.85280569002497	8.66845298415511E-14	8.95797931382589E-12	NCU03500T0	NCU03500				
3600_gene	3600	3810719	3811081	.	-	0	1.33750067392241	7.67322271473469E-05	0.0009885434932516	NCU08727T1	NCU08727	MA0336.1	MGA 1	262.0	3.18841
3354_gene	3354	2805477	2805514	.	+	0	3.48879325668648	8.391587405496E-07	2.11593670339818E-05	NCU01652T0	NCU01652				
3373_gene	3373	2888377	2888522	.	+	0	3.7400154967807	1.05033536914715E-20	2.68987604490067E-18	NCU01633T0	NCU01633	MA0377.1	SFL1	250.0	1.51653
3570_gene	3570	3595779	3597470	.	+	0	1.40552869813429	0.0015253727700701	0.0117717383195501	NCU08448T0	NCU08448				
3641_gene	3641	3981137	3981454	.	+	0	6.73124035788952	0.0012338431431674	0.0098764795054161	NCU08415T0	NCU08415				
2941_gene	2941	1377763	1377821	.	-	2	9.01485431472909	5.09442138507763E-08	1.82797745115945E-06	NCU05343T1	NCU05343	MA0377.1	SFL1	230.0	2.17842
3189_gene	3189	2293837	2294108	.	+	0	2.06995908365608	1.20302257428838E-10	7.62701551085653E-09	NCU01821T0	NCU01821				
3599_gene	3599	3810719	3811081	.	-	0	1.42557724830755	5.78703139630397E-05	0.0007786872714766	NCU08727T0	NCU08727	MA0336.1	MGA 1	262.0	3.18841
3287_gene	3287	2600306	2600428	.	+	0	2.31756087799607	0.0003593317480787	0.0035602438011939	NCU01735T0	NCU01735	MA0336.1	MGA 1	244.0	1.11274
3574_gene	3574	3724021	3724221	.	+	0	1.04249615806569	6.03219725153835E-06	0.0001165172456026	NCU08699T0	NCU08699				
2887_gene	2887	942330	943478	.	+	0	1.6121628977078	2.65297901499531E-08	1.05041705520926E-06	NCU03369T0	NCU03369	MA0378.1	SFP1	224.0	3.90258
3124_gene	3124	2015817	2015994	.	+	0	1.04070893379057	0.0030065090039387	0.0201095560172835	NCU06765T0	NCU06765	MA0336.1	MGA 1	238.0	1.18711
3191_gene	3191	2306090	2306095	.	-	0	2.15404916857696	0.0003267098941148	0.0033100196527285	NCU01819T0	NCU01819	MA0377.1	SFL1	241.0	14.2687
2966_gene	2966	1457886	1458780	.	+	0	1.64916210300901	2.37171409651746E-05	0.0003730486069012	NCU05377T0	NCU05377	MA0336.1	MGA 1	232.0	1.0566
3661_gene	3661	4053826	4054394	.	-	2	1.05172294769807	0.0002928974632943	0.0030268023856842	NCU08434T0	NCU08434				
2938_gene	2938	1368213	1369346	.	+	0	1.68085612136093	5.74253650400329E-07	1.52162492903513E-05	NCU05340T0	NCU05340	MA0336.1	MGA 1	229.0	1.93671
3639_gene	3639	3978192	3978594	.	+	0	1.682076487768	4.93974914892914E-14	5.26261522732306E-12	NCU08413T0	NCU08413	MA0356.1	PHO2	265.0	1.53787
3717_gene	3717	4307112	4308131	.	-	0	1.58240554830997	2.41048921812544E-05	0.0003768531857807	NCU11417T0	NCU11417				
3733_gene	3733	4367027	4367132	.	+	0	6.23768457868117	0.0048781704109999	0.0296147759143884	NCU09464T0	NCU09464	MA0929.1	NCU00019	276.0	1.32151
3473_gene	3473	3222375	3222450	.	-	1	1.98332752483124	1.72472467613647E-11	1.27309320022816E-09	NCU01514T0	NCU01514	MA0336.1	MGA 1	254.0	2.12068
3477_gene	3477	3234365	3236470	.	-	0	1.67389132149651	6.13414808987187E-06	0.0001178258110794	NCU01509T0	NCU01509	MA0377.1	SFL1	255.0	16.3757
2848_gene	2848	825932	826596	.	+	0	1.31646446558346	5.31346087449307E-05	0.0007224908510133	NCU03408T0	NCU03408	MA0356.1	PHO2	221.0	1.32709
3681_gene	3681	4178109	4178143	.	+	0	2.80002525599444	1.48699642813167E-57	5.12220702943755E-54	NCU09345T1	NCU09345	MA0356.1	PHO2	271.0	1.48229
3668_gene	3668	4077273	4077725	.	+	0	9.29052503898677	9.81922618410517E-13	8.59931215140194E-11	NCU08441T0	NCU08441				
3682_gene	3682	4178109	4178143	.	+	0	2.77370246309402	5.94545183994838E-56	1.53600748285066E-52	NCU09345T0	NCU09345	MA0356.1	PHO2	271.0	1.48229
3395_gene	3395	2986231	2987316	.	-	0	1.19239766094306	0.0003331332343294	0.0033619129331647	NCU01598T0	NCU01598	MA0336.1	MGA 1	251.0	6.39967
3181_gene	3181	2262906	2264144	.	-	0	1.09635087504567	2.43145055551671E-05	0.000379556042911	NCU01830T0	NCU01830	MA0336.1	MGA 1	239.0	2.65274
2739_gene	2739	402036	402840	.	+	0	1.58744948571312	0.0001134824998333	0.0013829341430158	NCU03518T0	NCU03518				
3427_gene	3427	3086648	3086956	.	-	0	1.04805583221044	0.000299201400873	0.0030826991790852	NCU01559T0	NCU01559				
3624_gene	3624	3937421	3938350	.	-	0	2.65894356323944	5.7141509925905E-18	1.11415162938548E-15	NCU08402T0	NCU08402	MA0377.1	SFL1	263.0	2.61356
3667_gene	3667	4074439	4074707	.	-	2	1.67264089162699	1.25905279023235E-05	0.0002164900421674	NCU08440T0	NCU08440	MA0929.1	NCU00019	269.0	1.1471
3683_gene	3683	4178109	4178143	.	+	0	2.74700556997159	7.10821532278775E-54	1.46912594291377E-50	NCU09345T2	NCU09345	MA0356.1	PHO2	271.0	1.48229
3465_gene	3465	3204624	3204837	.	-	1	2.09140774955589	0.0001976968220602	0.0021967730743775	NCU01521T0	NCU01521				
3078_gene	3078	1869131	1870729	.	+	0	2.27144614789062	5.47092051895378E-06	0.0001072798721876	NCU06815T0	NCU06815				
2749_gene	2749	436772	437506	.	+	0	1.11402322315796	0.0037392545984662	0.0239265987743345	NCU16502T0	NCU16502				
2886_gene	2886	940195	940254	.	+	0	1.15794436924678	2.99936413783842E-05	0.0004459773956895	NCU03370T1	NCU03370	MA0377.1	SFL1	223.0	2.92482
2932_gene	2932	1081730	1082036	.	+	0	1.06687979544898	0.0029431181323508	0.0198059054080732	NCU03331T0	NCU03331	MA0929.1	NCU00019	228.0	1.20469
3233_gene	3233	2440386	2440413	.	-	1	1.31832128530495	5.08597907203165E-09	2.41094072157684E-07	NCU01788T0	NCU01788	MA0356.1	PHO2	243.0	1.42613
3366_gene	3366	2859550	2860441	.	+	0	1.71447929701113	4.48704287246155E-07	1.22345913044902E-05	NCU01640T0	NCU01640	MA0336.1	MGA 1	249.0	1.06177
2908_gene	2908	1011385	1015315	.	-	1	1.35687290099697	1.08474465444063E-05	0.0001907097499225	NCU03350T0	NCU03350	MA0929.1	NCU00019	225.0	2.60117
3687_gene	3687	4192303	4192445	.	+	0	1.55974920009337	0.0030191681381731	0.0201460091813065	NCU09348T0	NCU09348				
3491_gene	3491	3286089	3286500	.	+	0	1.67530355770063	1.61777234296336E-05	0.0002679176184644	NCU01494T0	NCU01494	MA0377.1	SFL1	256.0	11.6917
3080_gene	3080	1874651	1876589	.	-	1	23.9948159994449	8.61353588681115E-25	3.70884499392943E-22	NCU06812T0	NCU06812	MA0336.1	MGA 1	237.0	3.83307
3632_gene	3632	3961642	3962897	.	-	2	1.27460372293669	0.0002591099487649	0.0027378754708971	NCU08408T0	NCU08408	MA0336.1	MGA 1	264.0	2.60531
2648_gene	2648	36669	37860	.	-	1	1.28592135833808	0.000216739481788	0.0023701437087801	NCU09621T0	NCU09621	MA0929.1	NCU00019	216.0	1.22257
3337_gene	3337	2756072	2757048	.	-	2	1.35401529647717	0.0075874980469436	0.0421781628924777	NCU01668T1	NCU01668	MA0377.1	SFL1	246.0	3.22486
3551_gene	3551	3525395	3525788	.	+	0	1.94665884833133	0.0012425550692266	0.0099231561710881	NCU08476T0	NCU08476				
3580_gene	3580	3744544	3747403	.	+	0	1.21509838194589	0.0006287575791909	0.005640261131388	NCU08705T0	NCU08705	MA0378.1	SFP1	260.0	1.99149
2885_gene	2885	940171	940254	.	+	0	1.16910936967404	2.79401111329905E-05	0.0004234015295815	NCU03370T0	NCU03370	MA0377.1	SFL1	223.0	2.92482
3666_gene	3666	4067836	4071786	.	-	0	2.58439364209854	0.0005377132732763	0.0049437090445176	NCU08439T0	NCU08439	MA0929.1	NCU00019	268.0	1.81191
4864_gene	4864	4164998	4165276	.	-	0	1.00410102334013	0.0015598693982702	0.0119523020430728	NCU08994T0	NCU08994	MA0929.1	NCU00019	335.0	2.39606
4307_gene	4307	2358051	2358304	.	-	2	1.193224985595	2.03465252955858E-07	6.16601150746579E-06	NCU00035T0	NCU00035	MA0356.1	PHO2	299.0	1.04367
3894_gene	3894	523808	524392	.	+	0	2.25766005695877	0.0013081417089588	0.0103114694282078	NCU05692T0	NCU05692				
4842_gene	4842	4107339	4107911	.	-	0	1.72736996971123	1.3175386298274E-06	3.13719912457059E-05	NCU08976T0	NCU08976	MA0356.1	PHO2	334.0	1.97324
4470_gene	4470	2900703	2900859	.	-	1	4.34063305488322	1.0166931524241E-10	6.48549817108063E-09	NCU16664T0	NCU16664	MA0336.1	MGA 1	316.0	1.80508
4215_gene	4215	1991506	1992468	.	-	0	1.56570703724006	0.0009966290851452	0.0082130502120342	NCU06232T0	NCU06232	MA0336.1	MGA 1	293.0	1.1285
4306_gene	4306	2356790	2357731	.	+	0	4.78237404739368	3.44771889324889E-07	9.78811182495441E-06	NCU00034T0	NCU00034	MA0929.1	NCU00019	297.0	1.43411
4557_gene	4557	3173124	3173322	.	+	0	1.03534295351865	0.0085968440739771	0.0463288582059901	NCU00250T0	NCU00250	MA0356.1	PHO2	321.0	1.54475
4550_gene	4550	3154257	3154544	.	+	0	2.06492031798869	8.50678681595625E-07	2.12855048319835E-05	NCU00244T1	NCU00244	MA0336.1	MGA 1	320.0	10.3015
4047_gene	4047	1369654	1370448	.	-	0	1.6024233857781	8.84224844921504E-08	2.97641027603219E-06	NCU06425T0	NCU06425				
4483_gene	4483	2932611	2932748	.	+	0	3.71445915080202	2.07002316594645E-24	7.92282199884838E-22	NCU00187T0	NCU00187	MA0378.1	SFP1	317.0	1.70605
4015_gene	4015	1231530	1231765	.	-	2	1.99275767111646	1.61160281620538E-08	6.74263299703095E-07	NCU07884T0	NCU07884	MA0377.1	SFL1	279.0	14.3178
4698_gene	4698	3646539	3647078	.	+	0	6.33475353534955	0.0005955263302343	0.0054126377279172	NCU00380T0	NCU00380				
4695_gene	4695	3636353	3638243	.	-	1	1.02981637732869	4.63649142122479E-08	1.7015332007925E-06	NCU00377T0	NCU00377				
4908_gene	4908	4323001	4323378	.	+	0	1.68626927365031	5.42089053737755E-07	1.45884069826197E-05	NCU07569T0	NCU07569				
5076_gene	5076	4942498	4942773	.	+	0	6.40746452902672	0.0004067019796917	0.0039500547538861	NCU08555T0	NCU08555				
5120_gene	5120	5112007	5112324	.	+	0	1.07133193402373	0.0003169126010443	0.0032265761765437	NCU08791T0	NCU08791	MA0336.1	MGA 1	346.0	1.60432
4947_gene	4947	4470663	4471101	.	+	0	2.10488025276132	0.0003372256653513	0.0033998927080402	NCU07533T0	NCU07533	MA0336.1	MGA 1	340.0	1.46688
4532_gene	4532	3093225	3094196	.	+	0	1.01505520016784	0.0008726643759633	0.0073139607957869	NCU00230T0	NCU00230	MA0378.1	SFP1	318.0	2.31187
4107_gene	4107	1552645	1552700	.	+	0	1.91442920577952	0.0001802810277276	0.0020427896277825	NCU06479T0	NCU06479				
4250_gene	4250	2106055	2106458	.	-	2	1.7561495384099	2.76632668246433E-13	2.59883817605331E-11	NCU06261T0	NCU06261	MA0336.1	MGA 1	294.0	2.02972
4019_gene	4019	1240577	1241105	.	-	1	1.42610366633967	4.61270481228709E-05	0.0006432886846177	NCU07888T0	NCU07888	MA0336.1	MGA 1	280.0	1.86922
4386_gene	4386	2640136	2640180	.	+	0	1.17975447075233	9.5748150156216E-07	2.36713249692425E-05	NCU00105T0	NCU00105	MA0356.1	PHO2	309.0	1.25152
3982_gene	3982	1111042	1111148	.	-	2	3.57523775823962	1.43256218052368E-18	3.08418699448577E-16	NCU07853T0	NCU07853	MA0336.1	MGA 1	278.0	10.1537
4094_gene	4094	1506902	1506936	.	+	0	1.01000476798213	0.0002409688612148	0.0025671878472101	NCU06467T0	NCU06467	MA0356.1	PHO2	284.0	1.18436
4464_gene	4464	2871449	2872166	.	+	0	1.35897430502169	7.44473616171011E-05	0.0009628773904269	NCU00168T0	NCU00168	MA0336.1	MGA 1	314.0	1.89721
4407_gene	4407	2687917	2688220	.	+	0	1.14773462211551	0.0007067613646321	0.0061738562486129	NCU00121T0	NCU00121	MA0356.1	PHO2	311.0	1.03721
4648_gene	4648	3484092	3485160	.	-	1	1.24009876603793	5.28235758766689E-05	0.0007192079487608	NCU00332T0	NCU00332	MA0336.1	MGA 1	323.0	1.58796
4950_gene	4950	4485804	4486239	.	+	0	2.18644667719507	1.56315855828624E-05	0.0002613864165263	NCU07530T0	NCU07530				
4593_gene	4593	3309331	3310065	.	-	0	1.99154619266285	0.0047827020750076	0.0292452326882422	NCU00284T0	NCU00284	MA0929.1	NCU00019	322.0	1.69689
4135_gene	4135	1674323	1674542	.	+	0	1.78518145762916	3.72077056347991E-08	1.40844113564108E-06	NCU06506T0	NCU06506	MA0336.1	MGA 1	289.0	1.74276
4827_gene	4827	4042059	4042271	.	+	0	5.8035695614336	0.0026245606246664	0.018215050030425	NCU00491T0	NCU00491	MA0356.1	PHO2	333.0	1.25931
4913_gene	4913	4347561	4347730	.	-	2	2.51506611984198	5.67046564670383E-27	2.92992959965187E-24	NCU07563T0	NCU07563				
4371_gene	4371	2575551	2577251	.	+	0	1.25605647647429	1.63335566906994E-05	0.0002696341451145	NCU00089T0	NCU00089	MA0336.1	MGA 1	306.0	2.44108
4151_gene	4151	1774275	1775118	.	+	0	1.40915330149445	0.0004907922600095	0.0045857569755323	NCU06177T0	NCU06177				
4251_gene	4251	2108040	2109620	.	+	0	1.75743183572465	0.0024271665401596	0.0171444559302868	NCU06262T0	NCU06262	MA0336.1	MGA 1	295.0	1.10774
4168_gene	4168	1854169	1854190	.	+	0	1.18191900678701	0.0031961217749918	0.0211586946974797	NCU06194T0	NCU06194	MA0377.1	SFL1	291.0	1.44597
4353_gene	4353	2528994	2529168	.	-	1	5.96761226217745	0.0026463723069083	0.0183049607895519	NCU00076T1	NCU00076	MA0336.1	MGA 1	303.0	4.64647
4944_gene	4944	4456653	4456753	.	-	2	1.17334150062366	0.0001527412687497	0.0017675568547143	NCU07535T0	NCU07535				
4735_gene	4735	3757891	3758888	.	-	2	1.12497304754217	0.0089437987522495	0.0477649696670524	NCU00409T1	NCU00409				
4972_gene	4972	4570996	4571298	.	+	0	1.78580224785008	4.65275880111026E-05	0.0006453907308815	NCU16699T0	NCU16699	MA0377.1	SFL1	343.0	1.91489
4549_gene	4549	3154257	3154544	.	+	0	2.97275316189972	0.0001090364289479	0.0013318941569131	NCU00244T0	NCU00244	MA0336.1	MGA 1	320.0	10.3015
4368_gene	4368	2575551	2577251	.	+	0	1.22198161715933	2.1709821578285E-05	0.0003456845858089	NCU00089T3	NCU00089	MA0336.1	MGA 1	306.0	2.44108
4067_gene	4067	1422122	1423744	.	+	0	1.14680166785948	7.10672938468277E-07	1.840625099281E-05	NCU06441T0	NCU06441	MA0336.1	MGA 1	283.0	2.41287
4949_gene	4949	4480570	4483197	.	-	0	2.76339729603067	0.0018419309762376	0.0136058003634309	NCU07531T0	NCU07531	MA0336.1	MGA 1	341.0	1.24289
4370_gene	4370	2575551	2577251	.	+	0	1.27178455625951	1.57652059846449E-05	0.0002627703849118	NCU00089T1	NCU00089	MA0336.1	MGA 1	306.0	2.44108
4672_gene	4672	3565205	3565503	.	+	0	1.71084945442907	0.0002925163528175	0.0030258898798961	NCU00356T0	NCU00356	MA0336.1	MGA 1	324.0	1.64245
4046_gene	4046	1357742	1359061	.	-	0	1.79015436904624	1.45713364382264E-08	6.22232193192691E-07	NCU06424T0	NCU06424				
4308_gene	4308	2358051	2358304	.	-	2	1.25433324008113	3.78701258364177E-08	1.42828423501292E-06	NCU00035T1	NCU00035	MA0356.1	PHO2	299.0	1.04367
4349_gene	4349	2513598	2514275	.	-	0	1.22494015449143	2.38181797499901E-09	1.19340883820238E-07	NCU00072T0	NCU00072	MA0377.1	SFL1	301.0	18.1671
4116_gene	4116	1586496	1586559	.	+	0	1.49134736597754	0.0031477645636534	0.0208652976271935	NCU06486T0	NCU06486	MA0336.1	MGA 1	287.0	1.29558
4689_gene	4689	3608999	3609049	.	-	0	1.06906092799641	1.53918157629717E-07	4.8493604906875E-06	NCU00371T0	NCU00371	MA0356.1	PHO2	325.0	1.23551
4462_gene	4462	2866203	2866315	.	+	0	1.77517158687871	1.40033480139563E-10	8.66530529198947E-09	NCU00166T0	NCU00166				
5069_gene	5069	4907397	4907457	.	+	0	1.40148377989109	2.34229437918037E-15	3.14354157330519E-13	NCU08561T0	NCU08561	MA0377.1	SFL1	344.0	2.53377
4284_gene	4284	2284896	2285026	.	+	0	1.32740206663844	2.27046785114331E-05	0.0003587616937876	NCU00014T0	NCU00014	MA0377.1	SFL1	296.0	2.91672
4093_gene	4093	1507667	1507804	.	+	0	1.74487933268744	7.59506538262729E-09	3.47289405593232E-07	NCU06467T1	NCU06467	MA0356.1	PHO2	284.0	1.18436
4805_gene	4805	3973875	3974557	.	+	0	1.15430738601513	0.0027991248698634	0.0191437170120246	NCU00471T0	NCU00471	MA0356.1	PHO2	332.0	1.7963
4387_gene	4387	2641531	2642294	.	-	2	2.15756522272723	4.58943258597828E-09	2.1855850849539E-07	NCU00106T0	NCU00106				
4214_gene	4214	1986696	1986849	.	-	1	1.46866045555281	3.22773038649133E-14	3.62558324065233E-12	NCU06231T0	NCU06231	MA0377.1	SFL1	292.0	3.80335
4460_gene	4460	2862045	2862371	.	+	0	1.91981085180756	9.20744672986526E-10	5.00788181612777E-08	NCU11172T0	NCU11172	MA0377.1	SFL1	312.0	22.3623
4690_gene	4690	3610771	3610919	.	+	0	1.09956491630618	0.0047531499293639	0.0290817355654514	NCU00372T0	NCU00372				
4699_gene	4699	3648569	3650088	.	-	2	1.46885480833893	0.0017700491112942	0.0131594874216652	NCU11180T0	NCU11180	MA0929.1	NCU00019	329.0	1.19923
4469_gene	4469	2898552	2898635	.	-	0	1.21061677537561	6.73742917239343E-06	0.0001277515469128	NCU00173T0	NCU00173	MA0356.1	PHO2	315.0	1.22242
4383_gene	4383	2630989	2631063	.	+	0	1.10290673296963	0.001389318847094	0.0108684488765101	NCU00102T0	NCU00102	MA0377.1	SFL1	308.0	21.089
4901_gene	4901	4293225	4293567	.	+	0	1.26837472792731	0.0049701191789393	0.0300533713254298	NCU07576T0	NCU07576	MA0377.1	SFL1	336.0	4.22106
4134_gene	4134	1670900	1671968	.	+	0	5.83589775498775	0.0030802054451673	0.0205095638339944	NCU06505T0	NCU06505				
4369_gene	4369	2575551	2577251	.	+	0	1.2400995251642	1.76705239942479E-05	0.0002880239668084	NCU00089T2	NCU00089	MA0336.1	MGA 1	306.0	2.44108
6062_gene	6062	3319591	3320125	.	+	0	1.33357323277567	6.83075198986574E-05	0.0008957993789755	NCU04450T0	NCU04450				
5246_gene	5246	245404	245618	.	-	2	1.79619514057633	0.0001228023324527	0.0014790667873737	NCU07609T0	NCU07609				
5240_gene	5240	221619	221709	.	+	0	1.17904462425714	5.94795899795452E-05	0.0007941370579439	NCU16725T0	NCU16725	MA0377.1	SFL1	348.0	1.70983
6383_gene	6383	4445134	4445371	.	-	1	1.31090406954655	4.70812545875268E-05	0.0006521952880797	NCU07305T0	NCU07305	MA0377.1	SFL1	420.0	15.2842
6602_gene	6602	5298834	5298838	.	+	0	1.00343295957698	0.0060977633748185	0.035581189562606	NCU09915T1	NCU09915	MA0336.1	MGA 1	435.0	1.07907
6594_gene	6594	5266902	5267360	.	+	0	1.12310545433311	7.55589685823608E-06	0.0001414540545887	NCU09930T0	NCU09930	MA0377.1	SFL1	434.0	7.80167
5637_gene	5637	1825660	1825719	.	-	0	1.13843871927421	5.34368176398795E-09	2.49871526466296E-07	NCU06619T0	NCU06619	MA0336.1	MGA 1	369.0	1.11654
5590_gene	5590	1670970	1671869	.	+	0	1.61815039961563	0.0008651357720311	0.0072744614061594	NCU06572T0	NCU06572				
6363_gene	6363	4383069	4384210	.	-	2	2.02071868859178	7.1991863896611E-16	1.00535665068592E-13	NCU07318T0	NCU07318				
6604_gene	6604	5335044	5335310	.	+	0	5.34905800472758	0.0089435291915488	0.0477649696670524	NCU05321T0	NCU05321	MA0336.1	MGA 1	438.0	3.367
6628_gene	6628	5420264	5421189	.	-	2	2.24922313928004	7.75440972415009E-11	5.00837938058544E-09	NCU05298T0	NCU05298	MA0377.1	SFL1	441.0	2.3057
5505_gene	5505	1379773	1381170	.	+	0	1.59927732052884	0.0079960443598599	0.0438128962962847	NCU07910T0	NCU07910	MA0377.1	SFL1	360.0	5.50832
5835_gene	5835	2582537	2582604	.	+	0	1.25600546251726	1.98506912851755E-06	4.41154932776351E-05	NCU08273T0	NCU08273				
5669_gene	5669	1981338	1981419	.	+	0	1.74317091917612	1.61484198572653E-06	3.71958191290699E-05	NCU09735T0	NCU09735	MA0336.1	MGA 1	371.0	2.39269
6125_gene	6125	3508055	3509026	.	+	0	4.183913043707	0.0033997220360277	0.0221937634367095	NCU04393T0	NCU04393				
6622_gene	6622	5404265	5404820	.	-	1	1.93208803708608	2.35256161127752E-06	5.12898136939703E-05	NCU05303T0	NCU05303				
5534_gene	5534	1513674	1514779	.	-	2	1.04946667359787	0.0047345040988224	0.0290191965345382	NCU06521T0	NCU06521				
6468_gene	6468	4749898	4750728	.	-	0	1.28188136869009	0.0025026887986252	0.0175459878188558	NCU06979T0	NCU06979	MA0929.1	NCU00019	425.0	1.3034
6419_gene	6419	4566103	4566542	.	+	0	1.2533871326301	4.29255372793577E-11	2.93769869036346E-09	NCU07271T0	NCU07271				
5554_gene	5554	1567074	1568156	.	-	0	1.3861112297581	0.0030550571144645	0.0203683614328236	NCU06537T0	NCU06537	MA0377.1	SFL1	364.0	47.3274
5243_gene	5243	240270	240548	.	+	0	1.64714550265739	0.0003851093792752	0.0037722467539622	NCU07607T0	NCU07607				
5317_gene	5317	578396	578778	.	+	0	3.47517317401897	1.77183060931584E-26	8.71909405555711E-24	NCU04874T0	NCU04874	MA0377.1	SFL1	351.0	2.40503
5918_gene	5918	2869268	2871361	.	-	0	1.08604760072518	8.42493231679724E-06	0.0001557482120962	NCU06337T0	NCU06337	MA0377.1	SFL1	382.0	7.6301
6570_gene	6570	5129624	5130459	.	-	2	1.20669683893167	3.62713341950641E-06	7.51158251646879E-05	NCU08821T0	NCU08821	MA0377.1	SFL1	431.0	2.4223
6238_gene	6238	3911432	3911642	.	+	0	1.13110753593664	8.43590015289386E-07	2.11593670339818E-05	NCU08012T0	NCU08012	MA0377.1	SFL1	411.0	1.51304
6538_gene	6538	5011718	5011860	.	+	0	2.45883765611354	2.84354745781816E-26	1.3356917922315E-23	NCU07046T0	NCU07046	MA0336.1	MGA 1	430.0	9.57099
6641_gene	6641	5460822	5460850	.	-	2	1.27195858052939	2.01239912773927E-05	0.0003244326456483	NCU05285T0	NCU05285	MA0336.1	MGA 1	442.0	1.1304
6217_gene	6217	3838318	3838500	.	+	0	1.02000720373907	5.41679925909969E-05	0.0007336461801249	NCU07994T0	NCU07994	MA0336.1	MGA 1	410.0	8.01486
6677_gene	6677	5593284	5593507	.	+	0	1.06444645535698	0.0004186044043165	0.0040466397700719	NCU05253T0	NCU05253	MA0336.1	MGA 1	445.0	1.1431
5864_gene	5864	2694657	2694859	.	-	2	1.14254139660769	7.94533361611457E-06	0.0001482077212796	NCU06384T0	NCU06384				
6516_gene	6516	4941065	4941172	.	+	0	2.66659843376797	0.0024666791985979	0.0173442205514222	NCU07022T0	NCU07022				
5993_gene	5993	3140781	3141485	.	-	0	1.73115045454532	0.0001328101891887	0.0015721196965366	NCU04509T0	NCU04509				
6035_gene	6035	3235762	3235975	.	-	1	1.93139002736292	1.95127987013618E-07	5.94823781061572E-06	NCU04474T0	NCU04474				
5399_gene	5399	813616	814952	.	-	2	2.14322845200547	3.78392905625549E-14	4.15990668801534E-12	NCU04942T0	NCU04942	MA0377.1	SFL1	355.0	1.32121
6347_gene	6347	4343861	4344115	.	+	0	1.2712201427005	0.0001176848795002	0.0014263391603679	NCU07332T0	NCU07332	MA0377.1	SFL1	417.0	5.01593
6432_gene	6432	4598932	4598966	.	+	0	1.07672503355024	0.0001504767481918	0.0017491864069907	NCU07258T0	NCU07258	MA0336.1	MGA 1	422.0	1.11877
6655_gene	6655	5507302	5508540	.	-	0	1.59858254170194	7.29574792920968E-05	0.0009476754896249	NCU05272T0	NCU05272	MA0377.1	SFL1	443.0	2.35933
6077_gene	6077	3368677	3369688	.	-	1	1.3917474300503	0.0089264483798111	0.0477216335007594	NCU04435T0	NCU04435	MA0378.1	SFP1	397.0	21.1785
5429_gene	5429	1103984	1105069	.	+	0	1.54921297376281	5.63837703388966E-06	0.0001099377137136	NCU04988T0	NCU04988	MA0336.1	MGA 1	356.0	1.85547
6580_gene	6580	5177137	5178429	.	-	0	1.17067169337491	1.02536369997906E-06	2.4884536918967E-05	NCU08807T0	NCU08807	MA0377.1	SFL1	432.0	1.37487
5676_gene	5676	2002837	2005592	.	-	2	3.01203963827033	7.13408381227441E-05	0.0009308538145965	NCU09729T0	NCU09729				
5615_gene	5615	1753533	1754247	.	-	1	1.72548797241105	4.04518855107616E-12	3.21561372975546E-10	NCU06596T0	NCU06596	MA0336.1	MGA 1	368.0	4.93215
5477_gene	5477	1303093	1303238	.	+	0	1.423979505661	9.28739927777051E-06	0.000167205547276	NCU07934T0	NCU07934	MA0929.1	NCU00019	358.0	3.67171
5565_gene	5565	1598640	1600514	.	+	0	1.80584251915763	2.4914284242809E-05	0.0003871642306243	NCU06547T0	NCU06547	MA0336.1	MGA 1	365.0	2.22207
5921_gene	5921	2877758	2878848	.	-	2	1.17440119362378	0.0027651814230558	0.0189617682985131	NCU06334T1	NCU06334	MA0356.1	PHO2	383.0	1.14534
5526_gene	5526	1486561	1486982	.	+	0	3.46746659004075	8.04450844181386E-10	4.39851588559283E-08	NCU06513T0	NCU06513				
5985_gene	5985	3111407	3111454	.	+	0	7.3152495159551	8.11733245648287E-05	0.0010305775943825	NCU11295T0	NCU11295	MA0336.1	MGA 1	386.0	1.63892
5375_gene	5375	747435	748430	.	-	0	2.20169711366624	1.52471199684678E-16	2.3873293599113E-14	NCU04923T0	NCU04923	MA0336.1	MGA 1	354.0	46.6019
6039_gene	6039	3248441	3249193	.	+	0	1.09937187499236	0.0045593092860659	0.0281288968132567	NCU04471T0	NCU04471	MA0356.1	PHO2	394.0	1.04061
5454_gene	5454	1235513	1235871	.	+	0	3.6636515999244	1.34333218961291E-27	7.50864447720365E-25	NCU07953T0	NCU07953	MA0378.1	SFP1	357.0	4.40016
6097_gene	6097	3444040	3444302	.	+	0	1.81757261507774	0.001138671535407	0.0092255596930163	NCU04416T0	NCU04416	MA0377.1	SFL1	402.0	3.10375
6305_gene	6305	4147091	4150651	.	-	0	1.59448670886831	6.68592917528049E-06	0.0001270080737083	NCU08674T1	NCU08674	MA0377.1	SFL1	413.0	5.01838
6000_gene	6000	3156763	3156973	.	-	1	1.14328765420654	9.91890635863185E-06	0.0001770327777376	NCU04502T0	NCU04502	MA0356.1	PHO2	389.0	1.24105
5333_gene	5333	630732	632585	.	+	0	2.32268571422912	1.21313327822756E-07	3.94230166578731E-06	NCU04886T0	NCU04886				
6304_gene	6304	4147091	4150651	.	-	0	1.58565610656859	1.27887904974964E-05	0.000219533822261	NCU08674T0	NCU08674	MA0377.1	SFL1	413.0	5.01838
6028_gene	6028	3216773	3217043	.	+	0	2.69969445752186	2.85552621119331E-29	1.96726719109811E-26	NCU04481T0	NCU04481	MA0356.1	PHO2	392.0	1.11953
6694_gene	6694	5658043	5658831	.	-	0	1.63764587087172	0.0017081834583956	0.0127915709123627	NCU05237T0	NCU05237	MA0356.1	PHO2	447.0	1.77271
6456_gene	6456	4695886	4695955	.	+	0	1.20724396206772	8.22400616521835E-06	0.00015266432377	NCU06968T0	NCU06968				
5809_gene	5809	2492697	2495204	.	-	0	1.10303220064246	0.0004860657006439	0.0045498846613436	NCU08298T0	NCU08298				
6693_gene	6693	5651029	5651058	.	-	0	1.74553150015105	1.12705132131353E-15	1.53249320453342E-13	NCU05238T0	NCU05238	MA0377.1	SFL1	446.0	109.176
6078_gene	6078	3376782	3377060	.	+	0	3.43039944155382	1.73720563056255E-05	0.0002840551105416	NCU04433T0	NCU04433	MA0377.1	SFL1	398.0	3.41381
6601_gene	6601	5296938	5296958	.	+	0	3.04387912589196	0.0001286615525309	0.0015329616661035	NCU09915T0	NCU09915	MA0336.1	MGA 1	435.0	1.07907
6127_gene	6127	3513374	3514386	.	-	2	1.88588889747473	0.0022602526816104	0.0160863989061724	NCU04391T0	NCU04391	MA0336.1	MGA 1	404.0	1.22573
6284_gene	6284	4082594	4083432	.	-	2	2.02891046980168	2.95557599247761E-09	1.45442487172684E-07	NCU08691T0	NCU08691	MA0336.1	MGA 1	412.0	7.04368
6027_gene	6027	3213626	3214261	.	-	0	3.17365455193437	1.61982317147198E-12	1.38340931024723E-10	NCU04482T0	NCU04482	MA0377.1	SFL1	391.0	1.32046
5677_gene	5677	2010966	2011611	.	+	0	1.64408323242393	3.25963823081741E-05	0.0004791621831759	NCU09728T0	NCU09728	MA0336.1	MGA 1	373.0	3.51205
5595_gene	5595	1683481	1683660	.	-	0	1.31271965278956	0.0004736513087603	0.0044619075886322	NCU06577T0	NCU06577	MA0336.1	MGA 1	367.0	1.73601
6705_gene	6705	5688449	5690533	.	+	0	1.64117666261198	0.0001716342672429	0.0019581242253668	NCU05226T0	NCU05226	MA0377.1	SFL1	448.0	1.39312
6187_gene	6187	3717770	3718585	.	-	0	1.50759823437252	0.0090904983738385	0.0483485384432563	NCU04341T0	NCU04341	MA0377.1	SFL1	406.0	24.3637
6480_gene	6480	4797794	4798656	.	-	2	1.2023160263599	2.11959220679333E-07	6.40463914181353E-06	NCU06989T0	NCU06989				
5794_gene	5794	2451093	2451442	.	+	0	1.04179333352275	5.48928185119364E-07	1.46959167487656E-05	NCU08310T0	NCU08310	MA0377.1	SFL1	376.0	3.57179
6094_gene	6094	3426713	3427500	.	+	0	1.67605355905411	1.4034502109373E-08	6.01794791694026E-07	NCU04419T0	NCU04419	MA0336.1	MGA 1	400.0	1.46209
5189_gene	5189	59659	60623	.	+	0	1.04831960379955	3.97640275931718E-05	0.0005622235024928	NCU09647T0	NCU09647	MA0377.1	SFL1	347.0	12.5185
6433_gene	6433	4603619	4603927	.	+	0	4.22382855973098	1.55733737098591E-33	1.46304767197895E-30	NCU07257T0	NCU07257	MA0336.1	MGA 1	423.0	1.06366
6309_gene	6309	4159253	4159366	.	-	0	1.05700598486385	8.9590616800935E-05	0.0011208588789598	NCU08669T0	NCU08669	MA0377.1	SFL1	415.0	2.52714
5500_gene	5500	1368002	1368070	.	+	0	1.63275774815299	5.25753444006186E-09	2.46960731379997E-07	NCU07915T0	NCU07915				
6026_gene	6026	3211359	3212435	.	+	0	1.59662171314117	0.0048767688764536	0.0296147759143884	NCU04483T0	NCU04483				
5996_gene	5996	3146143	3147411	.	+	0	2.1365763951629	7.64506951215832E-09	3.48035895764952E-07	NCU04506T0	NCU04506	MA0356.1	PHO2	388.0	1.09651
6342_gene	6342	4325753	4326178	.	+	0	2.00532045624575	2.12310212519538E-05	0.0003391056779253	NCU07337T0	NCU07337	MA0356.1	PHO2	416.0	1.51071
6068_gene	6068	3337030	3340535	.	-	2	1.31154416897289	5.81064738009564E-05	0.0007808482448102	NCU04444T0	NCU04444				
6616_gene	6616	5377329	5378657	.	+	0	1.13731060801668	0.0021835489326061	0.0156265891063379	NCU05309T0	NCU05309	MA0336.1	MGA 1	439.0	5.74822
6188_gene	6188	3724853	3724938	.	+	0	1.10376243031223	0.0011365359462602	0.0092255596930163	NCU04340T0	NCU04340	MA0336.1	MGA 1	407.0	5.84095
5666_gene	5666	1972745	1973898	.	-	2	2.53415336852031	1.55102720137167E-07	4.87182829756075E-06	NCU09738T0	NCU09738	MA0336.1	MGA 1	370.0	2.27117
5699_gene	5699	2104029	2104894	.	-	2	1.0416699430493	0.0005311344711318	0.004900663950604	NCU07715T0	NCU07715				
6377_gene	6377	4419943	4421526	.	-	0	2.28072607028177	0.0004980060929658	0.0046324775524188	NCU07309T0	NCU07309	MA0929.1	NCU00019	419.0	2.19696
6661_gene	6661	5526544	5529031	.	-	1	1.45445575118404	0.0001032199015391	0.0012728812201738	NCU05268T0	NCU05268	MA0929.1	NCU00019	444.0	1.31363
5525_gene	5525	1441447	1442787	.	-	0	1.06448716682889	0.0002518292894009	0.0026718725633154	NCU07891T0	NCU07891	MA0356.1	PHO2	361.0	1.04725
5868_gene	5868	2702060	2702860	.	-	0	2.33687681778357	3.1992611949999E-17	5.57514895704685E-15	NCU06382T0	NCU06382				
6098_gene	6098	3444040	3444302	.	+	0	2.74030681054039	9.97376360500216E-08	3.30348952224655E-06	NCU04416T1	NCU04416	MA0377.1	SFL1	402.0	3.10375
5731_gene	5731	2220396	2222094	.	+	0	1.3384247039352	2.13804995532398E-11	1.52298764591225E-09	NCU07690T0	NCU07690	MA0356.1	PHO2	375.0	1.26812
5924_gene	5924	2884845	2886311	.	-	0	1.17307513873761	0.0015876357748945	0.0120548332827042	NCU06332T0	NCU06332				
6581_gene	6581	5187850	5187910	.	+	0	1.17698082029802	3.92716652344896E-05	0.0005597701910802	NCU08806T0	NCU08806	MA0377.1	SFL1	433.0	6.42552
6194_gene	6194	3737724	3737778	.	+	0	1.05960630451156	4.94164614829325E-05	0.0006772807864252	NCU04335T0	NCU04335				
6135_gene	6135	3538551	3540683	.	-	0	1.45662434611773	0.0002058385882281	0.0022685236777928	NCU04385T0	NCU04385	MA0377.1	SFL1	405.0	1.62822
6719_gene	6719	5722097	5722207	.	-	0	3.09973380373465	0.0010433361675706	0.0085774351278238	NCU05216T0	NCU05216				
5874_gene	5874	2747711	2748960	.	-	2	1.20526107799175	0.0003488471632045	0.0034763612194366	NCU06373T0	NCU06373	MA0377.1	SFL1	381.0	1.53748
6087_gene	6087	3410234	3410269	.	-	0	1.73724928196817	1.61611406899094E-06	3.71958191290699E-05	NCU04424T0	NCU04424				
6537_gene	6537	5006091	5006403	.	-	1	1.89447455883392	7.79357845210051E-05	0.0009989754163814	NCU07044T0	NCU07044	MA0336.1	MGA 1	429.0	1.24756
6499_gene	6499	4874296	4875485	.	-	2	1.14316366288161	0.0001975715432766	0.0021967730743775	NCU07008T0	NCU07008				
5372_gene	5372	739689	740016	.	-	1	1.24867146082812	0.0028540180195385	0.0194262749851857	NCU04921T0	NCU04921				
8003_gene	8003	4558307	4559728	.	+	0	4.28838097833397	1.22971076936025E-11	9.2757891172035E-10	NCU09550T0	NCU09550	MA0377.1	SFL1	549.0	2.11821
8283_gene	8283	5504273	5504395	.	+	0	1.68484324401198	2.96912100977309E-06	6.31335319238582E-05	NCU04287T0	NCU04287	MA0336.1	MGA 1	572.0	1.91406
8273_gene	8273	5481626	5483153	.	-	1	1.34134831761092	0.0004143161830592	0.0040164572567861	NCU04280T0	NCU04280	MA0377.1	SFL1	571.0	4.60988
7386_gene	7386	2492314	2492316	.	+	0	4.25488659638502	2.79630550672842E-08	1.09458413282316E-06	NCU03813T0	NCU03813	MA0377.1	SFL1	496.0	1.4112
8081_gene	8081	4800680	4801167	.	-	2	1.4612574411979	0.0003728582260695	0.0036731333729296	NCU17019T0	NCU17019	MA0356.1	PHO2	555.0	3.04483
7222_gene	7222	1970900	1971722	.	+	0	2.28893618597098	3.31768606032143E-33	2.85708064561347E-30	NCU03651T1	NCU03651				
8404_gene	8404	5948660	5949294	.	-	2	1.78851299089176	1.33934326308333E-07	4.31176737716609E-06	NCU09848T0	NCU09848	MA0377.1	SFL1	577.0	1.94304
7041_gene	7041	1294963	1296537	.	-	0	1.59074052250981	2.02004582566202E-05	0.0003251581551774	NCU04661T0	NCU04661	MA0377.1	SFL1	463.0	12.3618
7788_gene	7788	3763360	3763855	.	-	1	2.31013501641175	6.4798056023033E-08	2.29322983199323E-06	NCU01357T0	NCU01357	MA0336.1	MGA 1	533.0	2.83012
7982_gene	7982	4479963	4481644	.	-	2	1.11354600346309	4.31193062685673E-07	1.18194936599304E-05	NCU09529T0	NCU09529	MA0929.1	NCU00019	546.0	2.27697
8002_gene	8002	4554737	4554844	.	-	0	1.4886718061797	9.96995032642834E-08	3.30348952224655E-06	NCU09549T0	NCU09549				
8047_gene	8047	4698009	4698112	.	-	2	1.23147256474252	0.0016447151674201	0.0124061945548319	NCU01451T0	NCU01451	MA0377.1	SFL1	552.0	1.92367
7123_gene	7123	1583385	1585424	.	-	0	1.78280075711005	2.79836698958964E-05	0.0004234015295815	NCU04591T0	NCU04591	MA0377.1	SFL1	473.0	5.46128
7708_gene	7708	3523090	3524494	.	-	1	1.18730772377288	6.8977179692373E-07	1.79549162453648E-05	NCU01285T0	NCU01285	MA0377.1	SFL1	525.0	1.7601
8136_gene	8136	4986436	4986590	.	+	0	1.50994917787334	3.97540193272176E-06	8.11893351240053E-05	NCU04144T0	NCU04144	MA0336.1	MGA 1	563.0	5.8777
6850_gene	6850	223845	224203	.	-	2	1.45573352429462	0.0003948253595546	0.0038564511017373	NCU07806T0	NCU07806	MA0336.1	MGA 1	451.0	1.46289
7029_gene	7029	1240288	1241276	.	-	2	8.29681838864299	1.33983682483536E-05	0.0002288373588482	NCU04672T0	NCU04672				
8449_gene	8449	6160672	6161757	.	-	0	1.54174797949098	0.0044575547789763	0.0276496825245748	NCU07233T0	NCU07233				
7229_gene	7229	1999815	2000842	.	-	2	1.07090354842766	0.0028047601906216	0.0191695713028336	NCU03659T0	NCU03659	MA0377.1	SFL1	481.0	3.92665
7336_gene	7336	2352592	2353154	.	-	2	2.48273872594988	2.13870297656782E-28	1.30007979763834E-25	NCU03768T0	NCU03768	MA0336.1	MGA 1	489.0	1.52295
7366_gene	7366	2435135	2436195	.	+	0	1.12772925032805	0.0029719962556846	0.0199491711192429	NCU03793T0	NCU03793	MA0377.1	SFL1	494.0	3.39602
7069_gene	7069	1375985	1376010	.	-	2	1.02239152093508	5.61338837453311E-07	1.49122764684898E-05	NCU04637T0	NCU04637				
7825_gene	7825	3880669	3880941	.	-	0	1.09046852155069	0.0001279451242352	0.0015267724178375	NCU01391T0	NCU01391	MA0336.1	MGA 1	535.0	26.9643
7211_gene	7211	1920713	1920962	.	+	0	7.65236110152448	8.79556652901879E-06	0.0001608732469219	NCU03641T0	NCU03641	MA0377.1	SFL1	477.0	1.33758
7484_gene	7484	2802061	2802521	.	+	0	1.57432382739643	1.3912583037827E-05	0.0002360798573282	NCU01063T0	NCU01063	MA0356.1	PHO2	506.0	2.04742
7531_gene	7531	2940397	2940504	.	-	0	1.58316492853159	0.0006452546739379	0.0057483291383406	NCU01108T0	NCU01108				
7337_gene	7337	2352524	2352647	.	-	1	1.6351014757085	8.52459247099242E-06	0.0001573091760629	NCU03768T3	NCU03768	MA0336.1	MGA 1	489.0	1.52295
7614_gene	7614	3201160	3202202	.	-	2	1.19866333250879	0.003720934393854	0.0238388940025345	NCU01195T0	NCU01195	MA0929.1	NCU00019	520.0	2.86864
7976_gene	7976	4423644	4424543	.	-	0	2.82145261361882	0.0007246213603367	0.0062926362501851	NCU06731T0	NCU06731				
8125_gene	8125	4950694	4952149	.	+	0	1.12835525926385	0.0033081658745514	0.0216919962865576	NCU04132T1	NCU04132	MA0336.1	MGA 1	562.0	17.6212
7546_gene	7546	2976930	2977312	.	-	2	1.45171400063116	0.0001461110502595	0.0017041891573162	NCU01124T1	NCU01124	MA0356.1	PHO2	513.0	1.02729
7438_gene	7438	2681424	2681672	.	+	0	1.13294181379275	3.93990203931624E-05	0.0005600405457261	NCU01013T0	NCU01013	MA0378.1	SFP1	501.0	2.62585
7971_gene	7971	4407920	4408197	.	-	2	1.01232697963643	3.26700886017213E-07	9.30062522342115E-06	NCU06727T0	NCU06727	MA0378.1	SFP1	544.0	25.7482
8216_gene	8216	5272133	5272377	.	+	0	1.15386623851505	0.0073008583290345	0.0408042563397743	NCU04224T0	NCU04224	MA0356.1	PHO2	567.0	1.06459
7335_gene	7335	2352592	2353154	.	-	2	2.43563784529356	5.48004786697835E-25	2.46220933292845E-22	NCU03768T1	NCU03768	MA0336.1	MGA 1	489.0	1.52295
7436_gene	7436	2675584	2675970	.	+	0	2.63265524005637	0.0043684984505299	0.0272280235149438	NCU01011T0	NCU01011				
7564_gene	7564	3026945	3027037	.	+	0	1.36431633276985	3.53311083629845E-06	7.36112245611052E-05	NCU01148T0	NCU01148	MA0336.1	MGA 1	515.0	2.91328
7834_gene	7834	3904551	3904775	.	-	0	1.74008474933251	8.9442770742789E-05	0.0011208588789598	NCU01400T0	NCU01400	MA0336.1	MGA 1	536.0	2.31098
7816_gene	7816	3842379	3844105	.	-	2	1.03055463832651	0.0008157161692131	0.0069493906781936	NCU01382T0	NCU01382	MA0356.1	PHO2	534.0	1.26872
7481_gene	7481	2796173	2797021	.	+	0	2.17716628135862	3.75258475203139E-06	7.72494239591482E-05	NCU01061T0	NCU01061	MA0378.1	SFP1	505.0	4.58729
8474_gene	8474	6243496	6245601	.	+	0	1.17670345876524	0.0088034482766791	0.0472842175110202	NCU07206T0	NCU07206	MA0377.1	SFL1	580.0	1.3977
7221_gene	7221	1970900	1971722	.	+	0	2.61408407100582	6.40501201725014E-24	2.36390693522368E-21	NCU03651T0	NCU03651				
8124_gene	8124	4950694	4952149	.	+	0	1.00526429668208	0.0093221331083168	0.0492761757244736	NCU04132T0	NCU04132	MA0336.1	MGA 1	562.0	17.6212
7486_gene	7486	2806917	2807268	.	-	1	2.58749794734023	1.62187046443202E-24	6.70416375177619E-22	NCU01065T0	NCU01065	MA0929.1	NCU00019	507.0	1.241
7067_gene	7067	1368567	1369079	.	-	0	1.9246361087865	3.58899242951815E-11	2.4891709910497E-09	NCU04639T0	NCU04639	MA0356.1	PHO2	467.0	1.50353
6794_gene	6794	24454	24728	.	-	2	1.23819364882595	0.0009737221094524	0.0080499554232655	NCU08880T0	NCU08880	MA0377.1	SFL1	450.0	7.67191
7108_gene	7108	1534650	1534992	.	+	0	1.16856986050313	0.0013303459942478	0.010462553656436	NCU04604T0	NCU04604	MA0377.1	SFL1	471.0	2.57828
7776_gene	7776	3719364	3719682	.	-	1	1.09452224492621	0.0007217444108	0.0062729240884838	NCU01345T0	NCU01345	MA0356.1	PHO2	531.0	1.21597
8050_gene	8050	4706077	4706089	.	-	1	1.4653377067416	5.74957800005381E-06	0.0001114749325563	NCU01449T0	NCU01449				
7391_gene	7391	2507224	2507613	.	+	0	1.06944100366025	0.0012635762064533	0.010058642144931	NCU03817T0	NCU03817	MA0929.1	NCU00019	498.0	1.29654
7044_gene	7044	1317933	1318105	.	+	0	2.39686964007455	2.4293601141026E-10	1.44281651834117E-08	NCU04656T0	NCU04656	MA0377.1	SFL1	464.0	1.65398
7533_gene	7533	2943159	2943787	.	-	2	1.80431483280576	0.0068253160529716	0.039033102430221	NCU01111T0	NCU01111	MA0336.1	MGA 1	510.0	11.0406
7586_gene	7586	3109840	3112365	.	+	0	1.21341498056782	0.0029728782198213	0.0199491711192429	NCU10359T0	NCU10359	MA0377.1	SFL1	517.0	2.96707
8080_gene	8080	4800680	4801167	.	-	2	1.99293454521253	1.1258888768768E-05	0.0001965360752304	NCU17019T1	NCU17019	MA0356.1	PHO2	555.0	3.04483
6916_gene	6916	467577	469088	.	-	0	1.2568297805141	0.0015058631755195	0.0116478967483678	NCU07742T0	NCU07742	MA0377.1	SFL1	454.0	2.29303
6991_gene	6991	810262	811239	.	-	0	1.31327744033076	0.0032546702660402	0.0214501036538645	NCU09695T0	NCU09695	MA0377.1	SFL1	456.0	1.31112
7676_gene	7676	3398313	3398334	.	-	1	1.7942038683572	7.38736552780805E-06	0.0001393084586941	NCU01258T1	NCU01258	MA0336.1	MGA 1	523.0	1.45984
7053_gene	7053	1341125	1342114	.	-	0	1.70606614256038	2.62184175617932E-05	0.0004039875629186	NCU04649T0	NCU04649	MA0929.1	NCU00019	465.0	1.75657
7462_gene	7462	2755546	2755798	.	+	0	1.06151474454969	3.6897775309764E-05	0.0005318014087184	NCU01045T1	NCU01045	MA0377.1	SFL1	504.0	48.0354
7598_gene	7598	3143889	3144320	.	-	0	1.24377237719041	2.5355448141406E-05	0.0003928383824487	NCU01178T1	NCU01178	MA0336.1	MGA 1	519.0	1.06749
7058_gene	7058	1350728	1350772	.	-	0	1.0687676980144	6.25433761337238E-08	2.22104209266633E-06	NCU04645T0	NCU04645	MA0336.1	MGA 1	466.0	3.45125
8395_gene	8395	5888129	5888173	.	-	0	1.54485555691949	0.0014408245264755	0.0112035219387494	NCU10063T0	NCU10063				
7338_gene	7338	2352592	2353154	.	-	2	2.52750328195142	4.36486623244165E-31	3.46973289585015E-28	NCU03768T2	NCU03768	MA0336.1	MGA 1	489.0	1.52295
7120_gene	7120	1571440	1572081	.	+	0	1.27055309377805	0.00129200926892	0.0102232953943493	NCU04594T0	NCU04594	MA0377.1	SFL1	472.0	12.5091
8174_gene	8174	5118798	5119729	.	-	2	1.55380461409245	0.0001364495533634	0.0016120078251202	NCU04180T0	NCU04180	MA0377.1	SFL1	564.0	1.87439
7845_gene	7845	3968205	3969257	.	-	0	1.15251673776399	0.0003769352704705	0.0037062312892893	NCU01411T0	NCU01411	MA0336.1	MGA 1	538.0	1.11763
7417_gene	7417	2577332	2578276	.	-	0	1.35696993757936	3.95312439063832E-05	0.0005603784287085	NCU03840T0	NCU03840	MA0377.1	SFL1	499.0	1.76124
7597_gene	7597	3143889	3144320	.	-	0	1.15457467379363	1.60989498774819E-05	0.0002674703344596	NCU01178T0	NCU01178	MA0336.1	MGA 1	519.0	1.06749
7274_gene	7274	2175351	2176790	.	+	0	1.18875349152914	0.0027872769708427	0.0190753114017807	NCU03712T0	NCU03712	MA0377.1	SFL1	485.0	29.9268
7175_gene	7175	1817549	1817779	.	+	0	1.28727527776325	0.0067533101931695	0.0387453031249779	NCU03604T0	NCU03604	MA0356.1	PHO2	475.0	1.45518
7841_gene	7841	3953062	3953532	.	+	0	5.658077410141	0.0036053521154772	0.0232934108172481	NCU01407T0	NCU01407	MA0378.1	SFP1	537.0	6.31003
7070_gene	7070	1378948	1379218	.	+	0	1.41416818254791	1.34106864814876E-10	8.34855627106585E-09	NCU04636T0	NCU04636	MA0336.1	MGA 1	469.0	1.5267
7172_gene	7172	1806324	1806852	.	-	1	1.49574618329694	2.68793553185024E-05	0.0004115129746094	NCU03601T0	NCU03601	MA0377.1	SFL1	474.0	1.87737
7343_gene	7343	2369200	2370352	.	+	0	2.73370101249294	1.37375660829177E-06	3.26354041151429E-05	NCU03773T0	NCU03773	MA0377.1	SFL1	493.0	2.89239
8452_gene	8452	6173805	6174468	.	+	0	6.87004858294496	0.0001673327308304	0.0019192191347415	NCU07230T0	NCU07230	MA0336.1	MGA 1	579.0	1.25648
8226_gene	8226	5301948	5303854	.	-	2	1.7242635033682	5.44565539995288E-07	1.46169877670424E-05	NCU04234T0	NCU04234				
7881_gene	7881	4131227	4131441	.	-	2	1.82654905741725	7.67480935213329E-05	0.0009885434932516	NCU06652T0	NCU06652	MA0336.1	MGA 1	542.0	1.99987
8114_gene	8114	4917965	4917986	.	-	1	1.70189639470934	7.63382903996091E-07	1.95751834488725E-05	NCU04122T0	NCU04122	MA0356.1	PHO2	560.0	1.13437
6995_gene	6995	818805	819011	.	+	0	1.26690190197719	4.03945734036131E-05	0.0005694918438648	NCU09692T0	NCU09692	MA0929.1	NCU00019	459.0	2.49383
7711_gene	7711	3530197	3532411	.	+	0	22.9427385035726	6.61925926123532E-08	2.33458789097631E-06	NCU01288T0	NCU01288	MA0377.1	SFL1	527.0	4.67003
7880_gene	7880	4126957	4127031	.	-	0	2.26604326095713	4.33726169417929E-14	4.71802761554198E-12	NCU06651T0	NCU06651	MA0929.1	NCU00019	541.0	3.00887
7534_gene	7534	2946087	2946241	.	+	0	1.44731352969301	5.46338129517918E-05	0.0007389866793767	NCU01112T0	NCU01112	MA0336.1	MGA 1	511.0	1.15804
7385_gene	7385	2483524	2488700	.	+	0	1.04070718736418	7.73617193432317E-05	0.0009943482682748	NCU03811T0	NCU03811	MA0929.1	NCU00019	495.0	1.53931
8212_gene	8212	5254110	5254259	.	+	0	1.20056897178521	0.0008287081802018	0.0070368696254772	NCU04221T0	NCU04221				
7014_gene	7014	871599	872500	.	-	2	2.1534008656446	3.65137512372855E-07	1.03096476854128E-05	NCU09676T0	NCU09676	MA0336.1	MGA 1	460.0	3.92957
7863_gene	7863	4030463	4031764	.	-	0	1.24897341938732	1.46826160365418E-07	4.66862012681918E-06	NCU01427T0	NCU01427	MA0336.1	MGA 1	539.0	1.85409
8040_gene	8040	4684604	4684680	.	+	0	1.23838288060841	1.24129661806893E-05	0.0002137926541854	NCU01456T0	NCU01456	MA0336.1	MGA 1	550.0	105.595
8292_gene	8292	5533879	5535920	.	-	2	1.0333628057193	6.03126873948441E-05	0.0008021509801007	NCU04295T0	NCU04295	MA0377.1	SFL1	573.0	3.03325
7879_gene	7879	4123175	4123367	.	-	1	2.79392267440055	0.0082337134703743	0.0448535556156293	NCU06650T0	NCU06650	MA0356.1	PHO2	540.0	2.9199
8476_gene	8476	6248468	6248638	.	+	0	2.8401368225139	2.04000521405967E-08	8.29976924491835E-07	NCU07205T0	NCU07205				
7964_gene	7964	4381198	4381905	.	+	0	1.26996603486744	0.0003657947084856	0.0036173421220007	NCU06719T0	NCU06719	MA0336.1	MGA 1	543.0	11.5437
8097_gene	8097	4860927	4861425	.	-	1	1.50968640907172	2.70004011271096E-07	7.92676548998723E-06	NCU04106T1	NCU04106	MA0377.1	SFL1	558.0	3.82123
7755_gene	7755	3666148	3666942	.	-	0	1.81139959050045	0.0007052449943441	0.0061662755677011	NCU01325T0	NCU01325	MA0377.1	SFL1	530.0	1.98592
8303_gene	8303	5570431	5571027	.	+	0	1.2829476300865	9.65502781679981E-06	0.0001732205858659	NCU04307T0	NCU04307	MA0377.1	SFL1	574.0	1.54873
8096_gene	8096	4860927	4861425	.	-	1	1.52941487369657	2.73083331875986E-07	7.99445652013156E-06	NCU04106T0	NCU04106	MA0377.1	SFL1	558.0	3.82123
8099_gene	8099	4867497	4867747	.	+	0	2.04162415403164	1.39624215503068E-06	3.30935009864383E-05	NCU04108T0	NCU04108	MA0336.1	MGA 1	559.0	2.53248
8249_gene	8249	5397370	5398011	.	+	0	2.19560145559314	1.25025022772038E-16	2.01876341457225E-14	NCU04259T0	NCU04259	MA0336.1	MGA 1	570.0	1.09023
8386_gene	8386	5863601	5864210	.	-	1	1.53513815352039	6.44419303515042E-07	1.69969806758958E-05	NCU08967T0	NCU08967	MA0356.1	PHO2	575.0	1.15179
7754_gene	7754	3663225	3664949	.	+	0	1.27875531721082	0.0011519533794509	0.0093002236119113	NCU01324T0	NCU01324	MA0377.1	SFL1	528.0	1.41679
7984_gene	7984	4493968	4494951	.	-	0	1.40160938035466	3.75251288724508E-05	0.0005385898357887	NCU09532T0	NCU09532				
7520_gene	7520	2906235	2906396	.	+	0	1.02401476106596	3.49015221543176E-05	0.0005079891971024	NCU01097T0	NCU01097				
7270_gene	7270	2164615	2165592	.	-	0	1.72598594553624	0.0020549741229092	0.014892077549891	NCU03708T0	NCU03708	MA0378.1	SFP1	484.0	5.34431
7390_gene	7390	2504133	2505141	.	-	1	1.1482689066566	6.10946176039175E-11	4.09968687220054E-09	NCU03816T0	NCU03816	MA0356.1	PHO2	497.0	1.0483
7579_gene	7579	3092252	3092381	.	+	0	1.02910243628728	0.0017038257335138	0.0127681908122786	NCU01162T0	NCU01162	MA0336.1	MGA 1	516.0	2.16225
7549_gene	7549	2983159	2983246	.	+	0	1.78052920023104	3.82221117479553E-06	7.85263027442087E-05	NCU01132T0	NCU01132	MA0377.1	SFL1	514.0	29.1594
6873_gene	6873	316552	316923	.	+	0	1.03918418593671	0.0042751948598924	0.0268244466801022	NCU07782T1	NCU07782	MA0377.1	SFL1	452.0	24.1634
7652_gene	7652	3306860	3306881	.	-	1	1.38291159783637	2.82569092391815E-07	8.22554648106202E-06	NCU01233T0	NCU01233				
7459_gene	7459	2745205	2746035	.	-	0	1.22855966265463	2.3898243574507E-05	0.0003753259104847	NCU01042T0	NCU01042				
7217_gene	7217	1949112	1950556	.	-	2	1.41079615128933	9.27805127287755E-05	0.0011523964165134	NCU03647T0	NCU03647	MA0336.1	MGA 1	478.0	5.73757
6993_gene	6993	816167	816190	.	+	0	1.26371584975852	5.56171913868162E-06	0.0001086480256694	NCU09693T0	NCU09693	MA0336.1	MGA 1	457.0	4.53649
7230_gene	7230	2002592	2002618	.	+	0	1.53525949687338	2.27190756417492E-08	9.06482346261914E-07	NCU03660T0	NCU03660	MA0336.1	MGA 1	482.0	3.96625
7268_gene	7268	2156928	2157200	.	+	0	1.25810818793214	0.0002024809665528	0.0022451054810703	NCU11260T0	NCU11260				
7071_gene	7071	1381965	1382066	.	+	0	1.72378967037713	1.61124838377367E-08	6.74263299703095E-07	NCU04635T0	NCU04635	MA0356.1	PHO2	470.0	1.38129
6940_gene	6940	575083	576513	.	+	0	1.40987615452565	8.55163124769418E-05	0.0010777141135813	NCU09838T0	NCU09838				
7547_gene	7547	2976930	2977312	.	-	2	1.17748525738189	0.002906367325496	0.0196175048606638	NCU01124T0	NCU01124	MA0356.1	PHO2	513.0	1.02729
7675_gene	7675	3397298	3397372	.	-	0	1.53523390932547	0.0056846385658092	0.0335877958485266	NCU16992T0	NCU16992	MA0356.1	PHO2	522.0	1.07505
7307_gene	7307	2285996	2287120	.	+	0	1.27205950368926	3.75209326870559E-06	7.72494239591482E-05	NCU03747T0	NCU03747	MA0377.1	SFL1	486.0	1.69407
8234_gene	8234	5328784	5332065	.	-	0	1.15397531449717	0.0006262991336672	0.0056279784759277	NCU04242T0	NCU04242	MA0929.1	NCU00019	569.0	1.15272
8818_gene	8818	1002783	1003233	.	+	0	1.751026296857	2.79099540788939E-09	1.38664166082351E-07	NCU04835T0	NCU04835	MA0336.1	MGA 1	601.0	1.19601
9330_gene	9330	3114536	3115835	.	+	0	1.04472351886436	1.05699448395975E-07	3.46761301499685E-06	NCU06005T0	NCU06005	MA0377.1	SFL1	640.0	3.21388
8885_gene	8885	1276091	1276440	.	-	2	1.68533509167166	1.05519695410669E-13	1.05648404830829E-11	NCU05627T0	NCU05627	MA0377.1	SFL1	605.0	4.27766
9058_gene	9058	1881755	1882111	.	+	0	2.10045966342975	8.95309801616321E-21	2.37234140766745E-18	NCU03848T0	NCU03848	MA0377.1	SFL1	617.0	2.02957
9394_gene	9394	3341676	3342046	.	-	2	3.34087411179892	9.03418985336135E-06	0.0001637882770958	NCU05952T0	NCU05952	MA0356.1	PHO2	641.0	1.04282
9103_gene	9103	2040682	2041956	.	-	0	1.19627688150598	0.0001295913040448	0.0015410777169149	NCU03886T0	NCU03886	MA0336.1	MGA 1	622.0	1.71576
8587_gene	8587	149878	150897	.	+	0	1.41604366066741	0.000631836576587	0.005658058217028	NCU12067T0	NCU12067	MA0336.1	MGA 1	586.0	8.2951
9288_gene	9288	2668109	2671201	.	+	0	2.01706010808394	9.98669886537969E-09	4.46764268722224E-07	NCU04077T0	NCU04077				
9059_gene	9059	1881755	1882111	.	+	0	2.04009175659344	2.01822466032582E-18	4.25639462036877E-16	NCU03848T1	NCU03848	MA0377.1	SFL1	617.0	2.02957
8972_gene	8972	1544429	1545556	.	-	0	1.82168340735958	4.9590393406082E-06	9.87412573137671E-05	NCU05550T0	NCU05550	MA0336.1	MGA 1	607.0	4.37132
9047_gene	9047	1788710	1788762	.	+	0	1.70972073524793	5.80978521847052E-08	2.07290304977898E-06	NCU10012T0	NCU10012	MA0377.1	SFL1	613.0	4.02732
8816_gene	8816	989794	989831	.	+	0	1.55458284081716	0.0085679910896152	0.0462532370133092	NCU04832T0	NCU04832	MA0929.1	NCU00019	599.0	3.02431
8686_gene	8686	535145	536372	.	-	1	2.25002099580694	6.68179336888541E-07	1.74809247276106E-05	NCU04720T0	NCU04720	MA0377.1	SFL1	593.0	1.94322
8855_gene	8855	1168098	1168178	.	-	0	1.52047680378909	1.73914909697522E-07	5.41336348438008E-06	NCU09799T0	NCU09799	MA0377.1	SFL1	602.0	4.38697
9250_gene	9250	2525194	2525271	.	-	0	1.05573455975173	4.35971612163938E-06	8.79947390644949E-05	NCU04036T0	NCU04036	MA0377.1	SFL1	628.0	1.87585
9206_gene	9206	2365794	2365913	.	-	0	2.36953273125197	2.10674279196496E-17	3.75363448485619E-15	NCU03991T0	NCU03991				
9297_gene	9297	2693517	2694707	.	-	0	2.94105936929317	0.0019875729594589	0.0144746856681101	NCU04085T0	NCU04085				
9317_gene	9317	2770953	2771395	.	+	0	10.4235351654554	0.0007139142113716	0.0062258138905606	NCU09866T2	NCU09866	MA0336.1	MGA 1	636.0	3.16119
9446_gene	9446	3543048	3544577	.	+	0	1.17671227540499	0.0005909968086452	0.0053856799122929	NCU05157T0	NCU05157				
8815_gene	8815	976203	977272	.	-	2	1.2776320749443	4.03856016865584E-07	1.11888688425977E-05	NCU04830T0	NCU04830	MA0377.1	SFL1	598.0	2.49306
9283_gene	9283	2644921	2645177	.	+	0	2.42422415560731	5.62825215994817E-31	4.1544541300646E-28	NCU04072T0	NCU04072	MA0377.1	SFL1	631.0	1.54076
8980_gene	8980	1571404	1571436	.	+	0	1.51744184353839	6.95741430529209E-08	2.43721760782673E-06	NCU05542T0	NCU05542	MA0356.1	PHO2	608.0	1.46206
8777_gene	8777	854582	854718	.	-	2	1.08109863053981	5.21930871962609E-05	0.0007115611650213	NCU04797T0	NCU04797				
8613_gene	8613	223468	224583	.	+	0	2.01094712108781	4.43125284014033E-15	5.51717672891689E-13	NCU07081T0	NCU07081	MA0356.1	PHO2	588.0	1.00887
9070_gene	9070	1909986	1910412	.	+	0	1.63832115499514	1.49842985521346E-07	4.74993071281469E-06	NCU03857T0	NCU03857	MA0336.1	MGA 1	621.0	2.3118
9315_gene	9315	2769526	2769746	.	+	0	25.4359766334861	1.57464175060967E-11	1.17655242211736E-09	NCU09866T1	NCU09866	MA0336.1	MGA 1	636.0	3.16119
9062_gene	9062	1886476	1886595	.	+	0	1.36759705053136	1.50072294731502E-06	3.52465248580759E-05	NCU03851T0	NCU03851	MA0356.1	PHO2	618.0	1.31603
9057_gene	9057	1874956	1875019	.	+	0	2.77149726920008	3.97199437152419E-15	5.14722538160789E-13	NCU03847T0	NCU03847	MA0356.1	PHO2	615.0	1.32531
9017_gene	9017	1664014	1664745	.	+	0	2.00423677722467	3.39237061582577E-08	1.30322520237708E-06	NCU05511T0	NCU05511				
9461_gene	9461	3587331	3588743	.	+	0	1.96704511336856	2.13413571260532E-08	8.61490564611851E-07	NCU05143T0	NCU05143				
8802_gene	8802	928780	929875	.	-	1	1.35848288049296	0.000290371230459	0.0030132531989436	NCU04817T0	NCU04817				
8582_gene	8582	138594	139970	.	-	0	1.4378122892409	3.15128478893221E-05	0.0004665526792095	NCU07112T0	NCU07112				
9069_gene	9069	1909986	1910412	.	+	0	1.61754258991421	1.74676420101298E-07	5.42073911509555E-06	NCU03857T2	NCU03857	MA0336.1	MGA 1	621.0	2.3118
8981_gene	8981	1573064	1573843	.	-	0	1.0460927653986	0.0019146651540891	0.0140526631408787	NCU05541T0	NCU05541				
9278_gene	9278	2633326	2633787	.	-	0	5.19073997031529	4.90309573915364E-07	1.32988428788487E-05	NCU04067T0	NCU04067				
9048_gene	9048	1825026	1825170	.	+	0	2.07598760616246	2.15102051860735E-16	3.22154290424469E-14	NCU09873T0	NCU09873	MA0377.1	SFL1	614.0	1.78691
8881_gene	8881	1268128	1269792	.	-	0	2.16330535483738	0.0011802261042275	0.0095136166623145	NCU17083T0	NCU17083	MA0336.1	MGA 1	604.0	9.79309
9046_gene	9046	1785669	1786643	.	-	0	1.83203500770273	9.92655660008267E-07	2.43083023472167E-05	NCU10011T0	NCU10011	MA0336.1	MGA 1	612.0	12.1412
8583_gene	8583	140630	141829	.	+	0	2.48238357512222	4.31107816882948E-15	5.43300997520534E-13	NCU07111T0	NCU07111	MA0336.1	MGA 1	584.0	1.13368
8880_gene	8880	1267200	1267961	.	+	0	7.06817990439096	0.0006442155560959	0.0057440237762687	NCU05631T0	NCU05631				
9151_gene	9151	2189414	2189522	.	-	1	1.31261798869394	0.0084085722482542	0.045589814067922	NCU03940T0	NCU03940				
8663_gene	8663	415595	416452	.	+	0	2.77062616854776	9.3098993644772E-09	4.20124454290425E-07	NCU04695T0	NCU04695				
8567_gene	8567	58229	58594	.	+	0	1.62560439295534	9.67791676467458E-14	9.90213780654922E-12	NCU07127T0	NCU07127	MA0377.1	SFL1	582.0	2.2437
9508_gene	9508	3748375	3749342	.	-	2	1.83076345435408	0.0090472243134907	0.0481679629343706	NCU05097T0	NCU05097				
9147_gene	9147	2174294	2175354	.	-	2	1.39592313027113	0.001249289137286	0.009969230845339	NCU03935T0	NCU03935	MA0336.1	MGA 1	624.0	1.06077
8612_gene	8612	218814	221561	.	-	0	1.37486616023438	1.47946117841707E-08	6.29166741471688E-07	NCU07082T0	NCU07082	MA0336.1	MGA 1	587.0	1.3922
9071_gene	9071	1909986	1910412	.	+	0	1.65868893901972	1.36250232329588E-07	4.35795787283072E-06	NCU03857T1	NCU03857	MA0336.1	MGA 1	621.0	2.3118
8586_gene	8586	148182	149163	.	+	0	2.11960600828289	1.82162255759079E-13	1.75931285141525E-11	NCU07108T0	NCU07108				
8886_gene	8886	1281025	1282197	.	+	0	1.70671212579382	7.84488969491131E-08	2.67554752829087E-06	NCU05626T0	NCU05626	MA0356.1	PHO2	606.0	1.13213
9152_gene	9152	2191709	2191872	.	-	2	1.10065877035264	0.0070613624384897	0.0399185750556912	NCU10314T0	NCU10314	MA0356.1	PHO2	626.0	1.05668
8634_gene	8634	288649	290319	.	-	0	1.92434754714963	1.90090304285413E-06	4.25193334304212E-05	NCU07065T0	NCU07065	MA0356.1	PHO2	590.0	1.26022
9112_gene	9112	2074083	2074447	.	+	0	1.57985467018565	9.63298790551696E-11	6.18306192643554E-09	NCU03893T0	NCU03893	MA0356.1	PHO2	623.0	1.06188
9282_gene	9282	2641869	2642713	.	-	2	1.27759031273209	1.08512998794726E-05	0.0001907097499225	NCU04071T0	NCU04071	MA0336.1	MGA 1	630.0	1.52074
9401_gene	9401	3363256	3363669	.	+	0	2.3193442669774	0.0010590959180799	0.0086862676328873	NCU12130T0	NCU12130				
8996_gene	8996	1608870	1608916	.	-	2	1.43757770996352	2.07044993705942E-05	0.0003317213899158	NCU05527T0	NCU05527	MA0336.1	MGA 1	610.0	1.40784
8817_gene	8817	996865	996900	.	+	0	1.08205021842743	0.000619308063921	0.0055845807439438	NCU04834T0	NCU04834	MA0336.1	MGA 1	600.0	1.62717
9492_gene	9492	3698328	3700826	.	+	0	1.59310891803421	0.0009009258804861	0.0075203296033469	NCU05115T0	NCU05115				
8664_gene	8664	421206	421235	.	+	0	3.20010825191837	0.0002769809958909	0.002894157342302	NCU04697T0	NCU04697				
9326_gene	9326	3102745	3102921	.	-	0	1.34196514228578	1.04549916334587E-06	2.51845882377999E-05	NCU06009T0	NCU06009	MA0377.1	SFL1	639.0	1.46745
8812_gene	8812	952644	953660	.	+	0	1.04685354162887	0.0085986791212588	0.0463288582059901	NCU04825T0	NCU04825	MA0377.1	SFL1	597.0	9.02088
9323_gene	9323	3092610	3092759	.	+	0	1.34655662051175	0.0018538071939473	0.013683745387323	NCU06011T0	NCU06011	MA0336.1	MGA 1	638.0	1.19382
9471_gene	9471	3614838	3615925	.	-	2	1.03296294529247	0.0079040010615815	0.0434317145234818	NCU05133T0	NCU05133	MA0336.1	MGA 1	646.0	4.10729
9395_gene	9395	3344848	3346053	.	+	0	1.48557105678211	1.74199236524135E-06	3.95642837415474E-05	NCU05951T0	NCU05951				
8706_gene	8706	622662	622998	.	+	0	1.06759649102802	0.0016853409397666	0.0126664096520355	NCU04737T0	NCU04737	MA0336.1	MGA 1	594.0	1.44946
8631_gene	8631	275769	277645	.	-	2	1.42827392974051	0.0002286319732928	0.0024636942773809	NCU07068T0	NCU07068				
10465_gene	10465	3171988	3172063	.	+	0	2.31318358000767	0.004739969980969	0.0290354770499905	NCU02254T1	NCU02254	MA0377.1	SFL1	699.0	1.66147
9691_gene	9691	238827	239902	.	+	0	1.06416447091677	0.0046639774742538	0.0286549008436022	NCU09451T0	NCU09451				
9900_gene	9900	975778	976298	.	+	0	1.11016487429062	5.1232251254543E-05	0.0006993845237311	NCU09568T0	NCU09568				
10561_gene	10561	3532169	3532924	.	-	0	1.87269045901704	2.429389595656E-12	2.00842496652073E-10	NCU08147T0	NCU08147				
10205_gene	10205	2050548	2050652	.	-	0	2.54557559549496	3.48473123850251E-09	1.69066725909319E-07	NCU06025T0	NCU06025				
10248_gene	10248	2522302	2522778	.	-	0	1.59583016027761	1.81936968306076E-06	4.09131972393471E-05	NCU02428T1	NCU02428	MA0377.1	SFL1	687.0	16.1097
10474_gene	10474	3197288	3198701	.	+	0	1.34464102888716	0.0001515389437218	0.0017575796233682	NCU02246T0	NCU02246	MA0336.1	MGA 1	703.0	2.82814
9914_gene	9914	1037921	1039318	.	+	0	1.88249420406217	9.74394625720052E-12	7.40396622219928E-10	NCU10051T0	NCU10051	MA0356.1	PHO2	666.0	1.31033
10198_gene	10198	2030652	2030677	.	+	0	2.14764100696532	8.80807819750754E-23	2.93621548687235E-20	NCU06031T0	NCU06031	MA0336.1	MGA 1	681.0	3.8177
10195_gene	10195	2021843	2021927	.	+	0	1.2025802874225	3.20510846308364E-05	0.0004732091583313	NCU06034T0	NCU06034	MA0336.1	MGA 1	680.0	1.0899
10500_gene	10500	3282359	3283309	.	-	0	1.41024081353026	0.0048283290764546	0.0294371402218774	NCU02222T0	NCU02222				
9730_gene	9730	421472	422275	.	+	0	1.46724225527571	1.36418259281371E-05	0.0002318661663509	NCU09040T0	NCU09040	MA0336.1	MGA 1	654.0	18.7732
9651_gene	9651	75640	75735	.	+	0	1.31957202392436	0.0003590147024822	0.0035602438011939	NCU12058T0	NCU12058	MA0336.1	MGA 1	649.0	1.26156
10458_gene	10458	3153444	3153614	.	-	0	1.21338947855256	0.0002531059501363	0.0026799148449887	NCU02258T0	NCU02258				
10144_gene	10144	1889267	1890544	.	+	0	1.00550271164269	0.003010632039595	0.0201241083422864	NCU06077T0	NCU06077	MA0336.1	MGA 1	676.0	3.5367
10566_gene	10566	3555373	3555421	.	+	0	6.81574662701629	0.0002175106207458	0.0023758176225374	NCU08152T0	NCU08152	MA0336.1	MGA 1	710.0	1.21656
10247_gene	10247	2518032	2519696	.	-	0	1.36770775886589	3.72257344930168E-07	1.04535527242075E-05	NCU02429T0	NCU02429	MA0377.1	SFL1	686.0	6.60698
9845_gene	9845	807517	809919	.	-	0	5.71144647731473	0.0015843132244395	0.012052837597413	NCU06931T0	NCU06931	MA0336.1	MGA 1	660.0	1.29262
9742_gene	9742	463631	463912	.	-	0	1.94528311141869	1.65114198348162E-12	1.39859846371304E-10	NCU11395T0	NCU11395	MA0929.1	NCU00019	658.0	4.24751
10707_gene	10707	3969744	3970441	.	+	0	1.86297450654834	7.79184613262308E-05	0.0009989754163814	NCU05830T0	NCU05830	MA0377.1	SFL1	719.0	4.99848
10496_gene	10496	3267425	3268449	.	-	2	1.07346713618642	2.0827308509464E-08	8.44036886810985E-07	NCU02226T0	NCU02226	MA0336.1	MGA 1	706.0	1.21705
10164_gene	10164	1935273	1935616	.	-	2	1.62569201066764	9.01644729360698E-05	0.0011266743208238	NCU06063T0	NCU06063	MA0356.1	PHO2	677.0	1.19712
10202_gene	10202	2040843	2043293	.	-	0	1.57561001528271	3.3853381745026E-06	7.11624863961078E-05	NCU06028T0	NCU06028	MA0377.1	SFL1	682.0	1.38066
9740_gene	9740	455122	456588	.	-	0	1.86723954111294	0.001535966504067	0.0118249780850524	NCU09050T0	NCU09050				
10087_gene	10087	1689738	1689982	.	+	0	1.87284759334001	1.02917545888524E-07	3.38710165354141E-06	NCU06132T0	NCU06132	MA0336.1	MGA 1	674.0	3.78526
10596_gene	10596	3646130	3647242	.	-	0	1.57547146860279	0.000114741587065	0.0013966308135811	NCU08178T0	NCU08178	MA0356.1	PHO2	712.0	1.06236
10459_gene	10459	3159170	3160494	.	-	2	1.23391311301636	4.75772312886698E-05	0.0006573036205041	NCU02257T0	NCU02257				
10487_gene	10487	3240942	3241062	.	-	1	24.5173516269228	1.98604509290898E-11	1.43523006923926E-09	NCU02234T1	NCU02234	MA0929.1	NCU00019	704.0	1.51722
10580_gene	10580	3603306	3603630	.	+	0	1.26057835284175	0.0006282052627996	0.0056402025940677	NCU08166T0	NCU08166				
10550_gene	10550	3500680	3500770	.	+	0	1.25259295883923	2.83204873179983E-05	0.0004272465926192	NCU08137T0	NCU08137	MA0929.1	NCU00019	708.0	1.35292
10633_gene	10633	3756228	3757226	.	+	0	7.53279388658871	2.98284321921539E-07	8.58626791848799E-06	NCU05767T0	NCU05767	MA0929.1	NCU00019	714.0	2.07986
10724_gene	10724	4026775	4026879	.	+	0	1.29675830045579	0.0006764726073932	0.0059720351836493	NCU05843T0	NCU05843	MA0336.1	MGA 1	722.0	1.14407
10653_gene	10653	3813880	3814257	.	+	0	1.17489804905926	0.0020964658280469	0.0151264875956485	NCU05784T0	NCU05784	MA0336.1	MGA 1	717.0	2.20161
10165_gene	10165	1939431	1940408	.	+	0	1.72497559558613	1.62759902358812E-05	0.0002691137329561	NCU06062T0	NCU06062	MA0377.1	SFL1	678.0	1.38458
9734_gene	9734	431222	431452	.	+	0	1.52558326131302	2.14331974314861E-07	6.45745371011595E-06	NCU09043T0	NCU09043				
10639_gene	10639	3772847	3773962	.	+	0	1.6535734547245	0.0001810875554762	0.0020496810496075	NCU10416T0	NCU10416				
10402_gene	10402	2987173	2987851	.	+	0	2.06842209256176	2.239997472937E-08	8.97214491679496E-07	NCU02307T0	NCU02307	MA0377.1	SFL1	693.0	3.6763
9724_gene	9724	405579	405682	.	+	0	1.61411572518083	0.0026865444423403	0.0185337250536486	NCU09034T0	NCU09034				
9849_gene	9849	822019	823845	.	-	0	1.69190586006063	2.52837123054115E-07	7.50810008517593E-06	NCU06934T0	NCU06934	MA0356.1	PHO2	661.0	1.07667
10207_gene	10207	2055223	2055744	.	-	0	1.05692835471015	0.0024469001529638	0.0172484762487915	NCU06023T0	NCU06023	MA0336.1	MGA 1	685.0	4.77399
10077_gene	10077	1659095	1659828	.	-	2	1.66772913630228	0.0031255918637991	0.0207449366220295	NCU06142T0	NCU06142	MA0377.1	SFL1	672.0	6.27541
10647_gene	10647	3798837	3798978	.	+	0	1.06695717260791	3.70533678575108E-09	1.7809744346024E-07	NCU05778T0	NCU05778	MA0377.1	SFL1	716.0	1.87889
10166_gene	10166	1941624	1941673	.	-	2	1.00561831739796	1.24913823799464E-10	7.82339063723429E-09	NCU06061T0	NCU06061				
10442_gene	10442	3112188	3113588	.	-	0	1.58055099399847	7.94174256033878E-07	2.02641895354422E-05	NCU02271T0	NCU02271	MA0929.1	NCU00019	696.0	2.48569
9887_gene	9887	938266	939283	.	+	0	1.60999698884607	0.0004769557181432	0.0044848593187372	NCU09580T0	NCU09580	MA0377.1	SFL1	663.0	1.3191
10413_gene	10413	3016672	3018372	.	+	0	2.07672819541753	0.0061658685579551	0.0358975130579764	NCU02296T0	NCU02296	MA0377.1	SFL1	695.0	2.28484
9739_gene	9739	452893	452983	.	-	1	1.45334683919548	0.0007296995367184	0.0063187926155873	NCU09049T0	NCU09049	MA0336.1	MGA 1	656.0	2.76393
9685_gene	9685	215594	215611	.	-	0	1.40259277650394	0.0032608885015792	0.0214637081371464	NCU09444T0	NCU09444	MA0336.1	MGA 1	650.0	1.22644
9913_gene	9913	1032328	1034431	.	-	1	2.74942078038393	3.46585741654506E-06	7.23559000860135E-05	NCU10052T0	NCU10052	MA0377.1	SFL1	665.0	2.62648
10046_gene	10046	1570226	1571185	.	+	0	1.45028670006954	0.003005104901913	0.0201095560172835	NCU12021T0	NCU12021	MA0336.1	MGA 1	671.0	4.40055
9993_gene	9993	1381091	1381936	.	-	0	1.83486247793215	2.56277289348818E-06	5.51743647527225E-05	NCU09713T0	NCU09713	MA0377.1	SFL1	668.0	2.77057
10271_gene	10271	2597563	2598633	.	+	0	1.10398289244994	0.0033957045849245	0.0221815494188433	NCU02410T0	NCU02410	MA0336.1	MGA 1	689.0	1.0886
10610_gene	10610	3676229	3677033	.	+	0	1.97477601101348	0.0023226490022624	0.0164737507133699	NCU08188T0	NCU08188	MA0377.1	SFL1	713.0	1.50119
10206_gene	10206	2053590	2054669	.	+	0	1.9932909449931	0.00261449421754	0.0181573812124048	NCU06024T0	NCU06024	MA0336.1	MGA 1	684.0	3.35234
9856_gene	9856	844132	844168	.	+	0	2.11647637054075	1.23905545622802E-05	0.0002137629229492	NCU06940T0	NCU06940	MA0356.1	PHO2	662.0	1.59866
9923_gene	9923	1110919	1112139	.	-	0	2.17190394648999	0.0044676373818085	0.0276955997022252	NCU12033T0	NCU12033				
10717_gene	10717	4009599	4009952	.	+	0	3.74532266908765	1.00846584234343E-21	3.15802606508395E-19	NCU05838T0	NCU05838				
10079_gene	10079	1665446	1665934	.	-	0	1.19154838774737	3.93455699709276E-06	8.05142812038745E-05	NCU06140T0	NCU06140	MA0377.1	SFL1	673.0	5.51424
10404_gene	10404	2993237	2993398	.	-	0	1.02810010880548	0.0003323166107007	0.0033588354053678	NCU02305T0	NCU02305	MA0377.1	SFL1	694.0	1.72428
10463_gene	10463	3171988	3172063	.	+	0	2.22477936740119	0.0068426008338682	0.039088688235044	NCU02254T2	NCU02254	MA0377.1	SFL1	699.0	1.66147
10713_gene	10713	3989760	3990609	.	-	1	1.35742496196574	1.54897516687672E-10	9.36088267514855E-09	NCU05835T0	NCU05835	MA0336.1	MGA 1	720.0	1.37327
10706_gene	10706	3963942	3964285	.	+	0	1.05024537294586	2.24251346856218E-06	4.92019834057782E-05	NCU05829T0	NCU05829				
10122_gene	10122	1801570	1801605	.	+	0	2.77212430062815	0.0043379762675995	0.0271031721580255	NCU06098T0	NCU06098	MA0336.1	MGA 1	675.0	3.90033
10331_gene	10331	2750407	2750601	.	-	0	1.19008106847265	5.33796907695051E-06	0.0001050715665546	NCU02360T0	NCU02360				
10312_gene	10312	2705009	2705755	.	-	0	2.11312524058041	3.54622696451066E-10	2.07043556221769E-08	NCU02378T0	NCU02378	MA0377.1	SFL1	691.0	1.9613
9995_gene	9995	1383709	1385367	.	+	0	1.72498308560937	0.0055671955748254	0.033007113637548	NCU09712T1	NCU09712	MA0336.1	MGA 1	670.0	1.54911
10464_gene	10464	3171988	3172063	.	+	0	2.27086735031274	0.0048426933150335	0.0294552046601272	NCU02254T0	NCU02254	MA0377.1	SFL1	699.0	1.66147
9729_gene	9729	418145	418649	.	+	0	1.77944476685002	0.0008196886077696	0.0069774811142436	NCU09039T0	NCU09039				