Feature_ID	List	log2_fold_change_10m	log2_fold_change_1hr
4610_gene	10m	1.16530397458771	0.435148908430857
5770_gene	10m	1.53590369504394	1.04011590216462
5948_gene	10m	2.35722271198261	0.574186370003679
5937_gene	10m	2.83254987075504	-0.270159911760445
6563_gene	10m	1.083835352441	0.0945004187642386
5358_gene	10m	1.12876238281717	0.633834372928626
5461_gene	10m	1.70174718019461	0.0559926804933788
5181_gene	10m	25.1129819869063	-33.3972546445613
6437_gene	10m	8.50041601605853	4.04623571478243
6274_gene	10m	1.90809336375156	0.384798338685694
9302_gene	10m	1.2250472582488	0.638786980008872
5490_gene	10m	1.40390548239915	0.686448125335645
8999_gene	10m	1.21459179164023	0.967900528823429
6740_gene	10m	1.72023176059543	0.756097648697562
5725_gene	10m	1.19863432906511	0.871267457980169
8577_gene	10m	1.82848163123651	0.996335305707137
4872_gene	10m	1.51428804611087	-0.135179441096345
4254_gene	10m	1.16036360133775	0.871441855875711
9011_gene	10m	1.09461617464876	0.159708022924116
4871_gene	10m	1.48021332253426	-0.137850116875973
9559_gene	10m	1.09067907289791	0.964508838112761
4213_gene	10m	1.10716328677145	0.52296879137046
3903_gene	10m	5.66100397132383	-0.105635419872358
8776_gene	10m	1.52022211514517	0.33189964276729
6535_gene	10m	1.58941940314956	-0.835553690791586
5691_gene	10m	1.2497206482794	-0.36106652405577
6100_gene	10m	1.60532745348193	0.755998482336228
6290_gene	10m	2.08196269167851	0.98658225551953
6069_gene	10m	1.48862280310269	0.671962675173288
6560_gene	10m	1.40690703425728	0.211952245866961
6498_gene	10m	1.10541590588528	0.402824843200675
6646_gene	10m	1.22937324556387	-0.283536871287436
6146_gene	10m	1.43084432775983	0.536437395437928
6186_gene	10m	1.32756351448079	-0.21194276931599
6562_gene	10m	1.18542494041258	0.0438966952647045
5357_gene	10m	1.60148587885627	0.531955735717973
6564_gene	10m	6.18942655635953	0.120455457705978
6019_gene	10m	1.35336851090025	0.960660780896892
6099_gene	10m	1.47871332549745	0.673098482269721
5619_gene	10m	1.06859236204204	0.860120615434683
9280_gene	10m	1.25896662712718	0.407148417458782
9281_gene	10m	1.13602300525695	0.757568698523442
5621_gene	10m	1.47105979398861	-0.505190157383098
6245_gene	10m	1.56232817889198	0.840756831859309
6244_gene	10m	1.11632802075306	0.835227316404967
8559_gene	10m	1.77015332187775	0.758922208398678
6303_gene	10m	1.01168994712775	-0.0894365846576435
6178_gene	10m	1.42068530113315	-0.246342919653162
6427_gene	10m	1.59399360843375	0.397027977096489
5644_gene	10m	1.52000961964998	0.652712222549897
4247_gene	10m	1.39176852682652	0.697962847078797
5616_gene	10m	1.11833406471052	-0.0555241480069602
8848_gene	10m	1.05045025435415	0.365274380903203
4188_gene	10m	1.46299261083461	0.180563224529906
5167_gene	10m	1.32892515853822	-0.616250026839612
9493_gene	10m	1.91707742976038	1.78803002584002
9444_gene	10m	1.40162393457747	-1.15618127301687
8775_gene	10m	1.33260267833653	-0.152973781266491
4385_gene	10m	1.47003934758989	0.224103515873021
3902_gene	10m	7.22992715480665	-0.280142785448076
4786_gene	10m	1.31432854916405	-0.264544254297263
8828_gene	10m	1.15485978150233	0.0303230164409979
8894_gene	10m	1.18504933949862	-0.425680586874353
4189_gene	10m	1.7410603408384	0.294448852476044
4481_gene	10m	7.49199681999544	1.74609719107808
5115_gene	10m	1.1398255897001	0.892176562369419
4718_gene	10m	1.04449381241979	0.524212376632761
9091_gene	10m	1.10358664141083	-0.683127291824498
4078_gene	10m	1.31787675876108	0.82475410430897
4490_gene	10m	2.48962758470636	1.24773901749767
3909_gene	10m	4.64452882740203	-1.67941386837683
3927_gene	10m	1.93954537124947	0.92361738188322
4298_gene	10m	1.88662971870209	0.877188104876327
8767_gene	10m	1.76729288050322	0.27585863604272
9482_gene	10m	5.71669605357984	0.169102309239853
9207_gene	10m	1.04282519302753	-0.201600769043896
4867_gene	10m	1.19707915924066	0.422569936439452
9019_gene	10m	3.34447705786663	1.49626765167599
4146_gene	10m	19.2812346781401	-0.494496711544745
9441_gene	10m	2.13207647720676	1.37405850188441
4844_gene	10m	1.40100810025333	0.578341235928072
4958_gene	10m	1.14875260032075	0.863464062560609
9033_gene	10m	6.2685394688735	2.24332413612287
8687_gene	10m	1.4902104965871	0.859092813553829
4142_gene	10m	1.47656073040661	0.125474433163163
4589_gene	10m	1.01259385869591	-0.236223349262998
4976_gene	10m	1.08812871829342	0.234733412530592
4034_gene	10m	1.42376104155018	0.483643025013311
4287_gene	10m	1.01833391351414	-0.738313409667813
4734_gene	10m	2.56172975804901	2.02194952903169
4275_gene	10m	6.51863066996658	1.59903016239458
4928_gene	10m	1.54792098046666	0.559218081159212
4843_gene	10m	1.24210575418673	0.248239876481688
3895_gene	10m	1.6487922563656	0.935154746981089
4345_gene	10m	1.33159183231391	0.651914961612677
4808_gene	10m	6.41486612575658	0.37727635673192
4595_gene	10m	5.74838945398056	-2.12715048614973
9001_gene	10m	3.92733078569533	0.503272978819864
4666_gene	10m	1.14487355848569	0.211838686234742
4823_gene	10m	1.10022234615198	0.00312640631590193
4202_gene	10m	1.13078520672573	0.725048202440884
4895_gene	10m	1.11188789200232	0.863846226109204
4288_gene	10m	1.04485674119587	-0.673912297680118
4567_gene	10m	1.0755588045228	0.911373932576053
3387_gene	10m	1.51617727448832	0.653684876640051
9008_gene	10m	2.07442284501643	0.772143797760802
5893_gene	10m	1.27199988636345	0.677916884559034
7376_gene	10m	1.39944657570865	0.347776910799725
7341_gene	10m	1.38056106557315	0.751663178421088
7668_gene	10m	1.04495790501015	0.651143083526198
8034_gene	10m	5.67010312183774	-0.223706894655765
7860_gene	10m	3.1540080231459	0.661496153457985
6946_gene	10m	23.1496350904774	4.50951687099691
6793_gene	10m	4.12243088923667	2.82969087181104
7112_gene	10m	1.05447853128042	0.680283743845872
7461_gene	10m	1.45675788859008	0.835509767322287
8479_gene	10m	1.92563187908188	-0.923160507393462
8134_gene	10m	1.05833389405917	-0.637183933234824
6848_gene	10m	1.087854898554	-0.230795971289479
7713_gene	10m	1.05635903189416	0.769984921831772
7342_gene	10m	9.96055786544706	0.761815748301227
7970_gene	10m	1.53276226237351	0.562918002688705
7246_gene	10m	1.11662635651689	-0.3097920085909
7040_gene	10m	1.16399508151189	0.257634708718522
7810_gene	10m	1.74556272103384	0.712298506237219
7856_gene	10m	1.67214540805479	0.789831907664101
7985_gene	10m	1.58981110460533	-0.0570792007649234
6849_gene	10m	1.0873397857507	-0.223153901289779
7591_gene	10m	1.13951010458362	0.0316925402271607
8332_gene	10m	1.73201172911153	0.773477948463928
7833_gene	10m	1.23284704375877	0.230450126873145
8301_gene	10m	1.15318839177872	0.673405918408006
7914_gene	10m	1.29813501218792	0.729730667085736
8325_gene	10m	1.51804538059947	0.630087856932774
7650_gene	10m	1.02484427421249	0.242473541071727
6838_gene	10m	21.4430983418559	-0.0309803971722243
7297_gene	10m	1.56183750782087	-0.161084079203626
7476_gene	10m	4.21899970691512	1.78445315378078
7294_gene	10m	1.30344499641029	0.448810082818049
8364_gene	10m	1.10714812280885	0.098089449282232
7218_gene	10m	1.27599592770884	0.194402660068922
7086_gene	10m	1.52669264438305	0.44002125721616
8345_gene	10m	2.48385176618924	0.740652377384724
7530_gene	10m	1.28578245104426	0.751998282986418
7369_gene	10m	1.73511203275444	0.648803897050528
7526_gene	10m	5.3775669216666	0.49110199319814
6988_gene	10m	1.60334275247246	0.713934161325484
7245_gene	10m	1.14584286188505	-0.274734100658693
7290_gene	10m	1.19206798663942	0.802937724054326
8481_gene	10m	1.14245063646607	-0.462369794129386
7554_gene	10m	1.1560850696749	-0.52708558440371
7861_gene	10m	1.3203010579643	0.8500393479289
8457_gene	10m	1.58791417828263	-0.504615373041024
6864_gene	10m	1.23343268287797	-0.0590720225022193
7937_gene	10m	1.98221697454853	-0.0736377127984799
8335_gene	10m	1.13985715199073	0.483689391386724
7204_gene	10m	1.34322436892541	-0.90162388926607
6741_gene	10m	1.28089952640559	0.153549497665583
8084_gene	10m	7.77577300381444	-1.26129114076603
8363_gene	10m	1.10750703886724	0.101785474484022
6520_gene	10m	1.09249714294289	-0.441650406638629
8791_gene	10m	4.80297895563493	-1.41524452885002
8666_gene	10m	1.85092926820833	-0.0553895770776539
9210_gene	10m	1.06625579309002	0.545016452512135
5537_gene	10m	1.02460823738109	0.270831739794287
8893_gene	10m	1.09342511757709	-0.417820316497307
6592_gene	10m	2.97531398527291	1.02551259889794
5527_gene	10m	6.04920150132837	0.108064072377066
6368_gene	10m	11.3299280390697	0.949829873498861
6339_gene	10m	1.5335228233012	0.170297536848208
6185_gene	10m	1.15391187177529	0.263296442502226
5518_gene	10m	1.01083534393804	-0.000752182196187905
8558_gene	10m	1.70244675790901	-0.517729701854017
6403_gene	10m	1.04710871641654	0.0870271112697587
6279_gene	10m	1.56236348366737	0.904174714318091
6630_gene	10m	1.08817880565592	-0.297990723863275
6209_gene	10m	1.67968341531973	0.268867858381216
5678_gene	10m	1.08771548324384	0.274393879873074
6598_gene	10m	1.32028061587239	-0.486438455242586
5938_gene	10m	2.95344132023773	-0.395748154733723
5958_gene	10m	1.55122617129668	-1.0594496595828
5801_gene	10m	1.05474389953105	-0.00235284578058149
5929_gene	10m	1.37456655286985	-0.748165255529189
6029_gene	10m	1.30637881926187	0.563077488657382
5836_gene	10m	1.728604804149	0.978567467659226
6057_gene	10m	1.2192356958458	0.682198479954923
7753_gene	10m	1.93994457950037	1.18451065756462
7301_gene	10m	1.19839181802197	0.335770728736651
7179_gene	10m	1.84421080777643	0.923425343617327
7500_gene	10m	1.18093530209246	0.268051640038293
8029_gene	10m	22.446223980573	-0.301947945581112
7135_gene	10m	1.34668299997226	-0.0292924108653905
5577_gene	10m	1.20496540354302	-0.317104669533412
6561_gene	10m	1.14772485995881	0.0506929739438253
5606_gene	10m	1.18149335857671	0.622960133045571
8933_gene	10m	1.26746848095904	0.454699967573728
9597_gene	10m	1.0386374895805	0.508748880064916
5501_gene	10m	1.91384364491543	0.0120196960197871
5489_gene	10m	1.3395854789965	0.639370151753991
5587_gene	10m	1.39479219679835	0.586893253009629
9229_gene	10m	1.02697499569171	0.303757122909827
6423_gene	10m	1.07340768158811	0.929986984905522
6637_gene	10m	1.61115864883393	0.0429105639492086
9530_gene	10m	1.18019898151423	0.228598210998988
5928_gene	10m	2.02533275808838	-1.6764290979024
5992_gene	10m	1.54554594269543	0.390128129985968
6273_gene	10m	1.35221401510706	0.358059590865333
5774_gene	10m	1.37769081201814	0.860922958514239
5891_gene	10m	1.22504813739739	0.628191905459052
7893_gene	10m	1.60945485410708	0.829419878168778
8731_gene	10m	1.03730083524387	0.963764364878953
6872_gene	10m	1.40954945134384	0.784112930683903
9892_gene	10m	1.61392917564741	0.849113625035734
2141_gene	10m	1.14516255760963	0.901007935749013
184_gene	10m	1.26261542143275	0.578679091705817
485_gene	10m	1.22039612574306	0.882854376201387
2301_gene	10m	1.01365289278476	0.964149049915761
694_gene	10m	1.63928256451115	0.822510952277757
1479_gene	10m	1.8541602537918	0.738390970236788
1652_gene	10m	1.23476654516276	0.983139518970132
912_gene	10m	1.62474049840769	1.17991659053505
291_gene	10m	1.87748659263942	0.644331168020856
10721_gene	10m	1.46589872389308	0.768774266054655
965_gene	10m	1.00393529490745	0.870734170986553
9234_gene	10m	1.17670626009492	0.833110841877364
1717_gene	10m	1.13700318856236	0.0806010317852271
1494_gene	10m	1.19793595409461	0.699397742828221
574_gene	10m	3.14427640048032	-0.529069186450495
761_gene	10m	1.03520910990038	0.269043700512977
2315_gene	10m	1.02677819658659	0.665363246626006
722_gene	10m	1.45567851974542	0.86057307668232
9910_gene	10m	1.05853792263149	0.32037563361877
1719_gene	10m	1.07400369218956	0.119770346630626
1921_gene	10m	1.07570995569603	0.609669285981181
2628_gene	10m	7.18254452643326	0.916389432927554
1598_gene	10m	6.35292401819348	0.484342871805758
10468_gene	10m	1.55040383862638	0.631415423034914
1017_gene	10m	1.11346709416361	0.108201735882185
342_gene	10m	1.60680797039594	-0.854610618171377
10363_gene	10m	1.42248869429001	1.11827946381698
9723_gene	10m	1.20662039505828	0.288443486270832
1893_gene	10m	1.08313712469664	0.303241076292641
1499_gene	10m	2.80198084491473	0.601037711575191
2409_gene	10m	1.89257332658307	0.448054500820205
1824_gene	10m	1.06676819295667	0.507625468809926
1740_gene	10m	1.39653167562099	0.544059696798966
10780_gene	10m	1.9680985201186	-0.181366623663361
9931_gene	10m	6.00971476700423	0.979471681320131
481_gene	10m	1.07205713575255	0.327671707097386
10716_gene	10m	1.33442130303138	-0.0203115615866271
1818_gene	10m	1.00044610204665	-0.147223383200924
932_gene	10m	1.08890856477693	0.422619049169658
1407_gene	10m	1.08600321503447	0.460189369236248
1049_gene	10m	1.44672440087793	0.086536416778013
140_gene	10m	1.16218670600664	0.38085406138021
10147_gene	10m	4.47388723484634	-3.06552918973305
2318_gene	10m	1.1513068609807	0.649502998955235
10692_gene	10m	5.68510294278704	0.115793774164679
1534_gene	10m	1.34334357225923	-0.142232127361637
63_gene	10m	1.22093128326801	-0.00569189219704913
2158_gene	10m	1.36850717858865	0.973631469979646
2142_gene	10m	1.19555498460127	0.856314776447849
765_gene	10m	1.07209738307594	0.512938721398604
716_gene	10m	1.29254413175187	0.9285781796581
1688_gene	10m	6.53695368617695	0.759278863100941
467_gene	10m	10.113165718886	0.312879366576748
10632_gene	10m	3.92764695351002	1.76571850434905
872_gene	10m	1.1684812603792	0.030306187666831
1758_gene	10m	9.10914570384498	-0.353500136825881
1825_gene	10m	1.1170325548535	0.503122222407168
678_gene	10m	1.09966450730599	0.256779186795029
2238_gene	10m	1.13310141786374	1.0231440246569
466_gene	10m	10.2515276810913	0.250778764065212
10141_gene	10m	1.26229073468493	0.907504618599207
644_gene	10m	1.0025882722737	-0.294062530020002
1972_gene	10m	1.35038622241426	0.756533925432695
781_gene	10m	1.06703551505725	0.93494138270688
10730_gene	10m	1.32915677242573	-0.0677578466853446
908_gene	10m	2.41294354393911	0.898870604313571
428_gene	10m	1.0507188690668	0.796784973439662
139_gene	10m	1.15344740982972	0.370477012025052
10620_gene	10m	6.23931092329906	1.45994793379581
1853_gene	10m	1.22848808494788	0.252852786783734
9652_gene	10m	3.38527879351256	1.03363328054279
1591_gene	10m	1.23829567975991	0.827577483173693
2188_gene	10m	1.45342225086536	0.675772726159605
2197_gene	10m	1.0542498328721	0.603803776318592
10203_gene	10m	1.49060788172873	0.76341040290576
10383_gene	10m	1.16807599716755	0.722826158833451
1144_gene	10m	1.11662644504114	0.0549039979241891
1807_gene	10m	1.15476163201212	0.809062830426811
2175_gene	10m	1.66128461409993	0.894652642037501
10307_gene	10m	1.14234933826896	0.708155973404317
163_gene	10m	1.10312858071001	0.436933460233509
1718_gene	10m	1.11320564295013	0.10255610230658
1693_gene	10m	1.50371399392305	-0.0069489921020671
10201_gene	10m	1.02315362706646	0.00642257252385388
1443_gene	10m	1.60988911397515	0.833211614903576
10246_gene	10m	2.00377672488926	0.536075930716036
705_gene	10m	3.06607051600981	-1.2897023745799
906_gene	10m	2.25268026000495	1.01883868349189
919_gene	10m	1.16304698737524	0.850845668705827
9947_gene	10m	1.70562178111773	0.323804141729376
9641_gene	10m	1.73021545155308	1.39528991981871
10233_gene	10m	1.45281315402054	0.88133597833405
9007_gene	10m	1.94661640361145	0.659874110701425
2919_gene	10m	1.28518674884235	0.245822560102467
289_gene	10m	1.66792446979563	-0.0766165745987196
3317_gene	10m	1.70095423580617	-0.538633749236404
8574_gene	10m	1.2229601974941	0.44088027841321
3429_gene	10m	1.31745693409883	0.648635687440396
9975_gene	10m	1.53691290925111	0.868297615005766
3620_gene	10m	6.57799269207232	-0.876975266599867
10314_gene	10m	1.40314729445506	0.978398129344714
10480_gene	10m	1.67612980125518	-0.460680101419443
10423_gene	10m	1.09298574152806	0.738214673553795
2043_gene	10m	1.1005935251187	0.527977972335457
3514_gene	10m	1.52279079089447	0.366542231980667
2319_gene	10m	1.1399430609626	0.357479710768553
3492_gene	10m	3.01379583536219	1.03372825004099
2808_gene	10m	7.1531425782248	-0.200490449907202
2665_gene	10m	1.22311686778595	0.226422045573591
10333_gene	10m	1.85507608921973	0.960985880164077
1894_gene	10m	1.0174968908519	-0.761721233695135
10693_gene	10m	1.41578303705195	0.750166911374868
3009_gene	10m	1.46644226272095	0.299038885752993
1592_gene	10m	1.02335777714688	0.58719824917576
9143_gene	10m	1.357127577819	0.34841714193731
3196_gene	10m	1.19893858599693	0.528106688543825
1873_gene	10m	1.06938571729807	-0.800924179876419
8780_gene	10m	1.10818780795587	0.374325497483682
1149_gene	10m	1.26462665255609	0.491329555063914
3010_gene	10m	1.79844283824365	0.59351476785476
2817_gene	10m	1.67065979917579	0.72440932671955
3656_gene	10m	1.01502577872274	-0.316658918589867
10094_gene	10m	1.08139987456542	0.999808309688202
2004_gene	10m	1.06601249236924	-0.34523157172809
10675_gene	10m	1.38777819180288	0.876962017224567
3674_gene	10m	1.38758033645226	0.556206607715656
2910_gene	10m	1.78829591659567	0.906075018295382
3329_gene	10m	21.4787144508611	1.36970196109683
3339_gene	10m	1.38449184215377	0.361810382142136
2690_gene	10m	2.80685117125748	0.816038917704118
3253_gene	10m	1.49656517508867	-0.182621064302722
8770_gene	10m	1.74787391217204	0.324124472026946
9454_gene	10m	1.439037906293	0.0907720845263053
3226_gene	10m	1.28079601398663	-0.680513554490145
3722_gene	10m	22.2194469752286	0.00849620751918672
2920_gene	10m	1.29024653972972	0.260327755187336
1167_gene	10m	1.10985916643326	-0.0832970727118366
2957_gene	10m	1.31219511373834	0.456595310916978
3662_gene	10m	1.10389292154088	0.319689130362983
2100_gene	10m	1.08170836365642	0.299440755640869
302_gene	10m	2.62004340231454	0.304670496745056
1949_gene	10m	1.11858139946762	0.00123886714472989
183_gene	10m	1.23333034571519	0.564975880824591
528_gene	10m	7.20308634905371	3.83302100236829
429_gene	10m	1.22726071812075	-0.225374493408302
1882_gene	10m	1.02522559070631	0.634622742507272
1625_gene	10m	1.15746756424344	-0.155975128627779
10637_gene	10m	1.18985507888859	-0.0951000754148068
1889_gene	10m	1.30789270527197	0.856677233678201
1769_gene	10m	1.25927542013732	0.757815157346763
914_gene	10m	1.1834302133195	0.326087047740736
2153_gene	10m	1.69107683386555	1.08512099974647
2268_gene	10m	1.22621150676492	0.962738380302245
10762_gene	10m	2.13325006674621	0.835985298095488
814_gene	10m	1.77872369112775	0.678236405131088
1080_gene	10m	1.09015767472863	0.537468424778479
9733_gene	10m	1.66649455434443	1.64000619104948
1197_gene	10m	1.10817450114063	0.210538299920463
3098_gene	10m	1.28915209433728	0.0188676098381486
10041_gene	10m	2.48072032693279	1.44589949022585
2926_gene	10m	1.09923035572732	0.536336475943342
1136_gene	10m	1.74273520368841	0.434694838825297
3670_gene	10m	1.46501669731529	1.04438666927251
2762_gene	10m	1.02322061701432	0.854401952894168
549_gene	10m	1.10395247782307	0.228329060264889
9983_gene	10m	1.73581862326359	0.0580108244578588
2903_gene	10m	1.59110903574602	0.180655007573218
3513_gene	10m	1.49453578624936	0.558896400732613
10151_gene	10m	2.45805221498262	-1.14845207747657
3011_gene	10m	1.76486789214397	0.564486260927095
1971_gene	10m	1.26724353015084	-0.347987982175686
3651_gene	10m	1.69939795282593	-0.10184167364436
3622_gene	10m	1.96331020697087	-0.341786223367461
3631_gene	10m	3.1548934061723	0.0869970765785792
9674_gene	10m	5.39500482041001	-1.3126126505757
9725_gene	10m	1.25013253453441	0.280461071130985
3458_gene	10m	1.81842277571969	0.257370542226483
2633_gene	10m	1.74299533068908	0.637395943013507
10507_gene	10m	3.39233285786521	0.946106963593349
3293_gene	10m	1.43263849238732	-0.500302993858466
3084_gene	10m	1.41934802983277	0.564162555652726
3512_gene	10m	1.29369193697239	0.499702108790944
10649_gene	10m	1.77987676366311	0.822085204372338
6993_gene	"10m,1hr"	1.94583799539723	1.26371584975852
8631_gene	"10m,1hr"	1.76536956741084	1.42827392974051
10463_gene	"10m,1hr"	3.11371937272902	2.22477936740119
6873_gene	"10m,1hr"	1.2701724535113	1.03918418593671
7549_gene	"10m,1hr"	1.23200976640499	1.78052920023104
7984_gene	"10m,1hr"	2.20985965514803	1.40160938035466
7754_gene	"10m,1hr"	1.69850897065455	1.27875531721082
10331_gene	"10m,1hr"	1.52695600892497	1.19008106847265
10464_gene	"10m,1hr"	3.23607077614682	2.27086735031274
8476_gene	"10m,1hr"	2.13126539227151	2.8401368225139
8292_gene	"10m,1hr"	1.59497619464063	1.0333628057193
7217_gene	"10m,1hr"	1.22731554834626	1.41079615128933
8249_gene	"10m,1hr"	1.60269280681287	2.19560145559314
9446_gene	"10m,1hr"	1.20424646734442	1.17671227540499
10717_gene	"10m,1hr"	1.88742322373287	3.74532266908765
9017_gene	"10m,1hr"	1.80358235624493	2.00423677722467
10164_gene	"10m,1hr"	1.10200525021564	1.62569201066764
9461_gene	"10m,1hr"	1.15023493842129	1.96704511336856
8582_gene	"10m,1hr"	1.01445745865067	1.4378122892409
9742_gene	"10m,1hr"	1.28285867495204	1.94528311141869
9069_gene	"10m,1hr"	2.33984116738312	1.61754258991421
8981_gene	"10m,1hr"	1.57739670753868	1.0460927653986
9651_gene	"10m,1hr"	1.20478384818014	1.31957202392436
9730_gene	"10m,1hr"	1.58152924418611	1.46724225527571
8583_gene	"10m,1hr"	1.58015909673074	2.48238357512222
10195_gene	"10m,1hr"	1.45335306852093	1.2025802874225
10198_gene	"10m,1hr"	2.71649072846694	2.14764100696532
9070_gene	"10m,1hr"	2.36133695044728	1.63832115499514
9508_gene	"10m,1hr"	2.77017878328244	1.83076345435408
8612_gene	"10m,1hr"	1.10090351790476	1.37486616023438
9071_gene	"10m,1hr"	2.3833826668981	1.65868893901972
10205_gene	"10m,1hr"	2.98688756726193	2.54557559549496
10561_gene	"10m,1hr"	2.19815288066974	1.87269045901704
8586_gene	"10m,1hr"	2.38939508497697	2.11960600828289
8634_gene	"10m,1hr"	2.35078388949257	1.92434754714963
9282_gene	"10m,1hr"	1.63015130194505	1.27759031273209
7863_gene	"10m,1hr"	1.34514022182581	1.24897341938732
8996_gene	"10m,1hr"	1.31859972799593	1.43757770996352
9492_gene	"10m,1hr"	1.97679360190127	1.59310891803421
9326_gene	"10m,1hr"	1.43953576943366	1.34196514228578
9395_gene	"10m,1hr"	1.06544593804783	1.48557105678211
9147_gene	"10m,1hr"	2.59203247888913	1.39592313027113
7071_gene	"10m,1hr"	1.08989327249639	1.72378967037713
8777_gene	"10m,1hr"	1.7373491057256	1.08109863053981
8815_gene	"10m,1hr"	1.12607764684752	1.2776320749443
10206_gene	"10m,1hr"	2.04980362404736	1.9932909449931
7307_gene	"10m,1hr"	1.37227317287704	1.27205950368926
9993_gene	"10m,1hr"	1.30419216706105	1.83486247793215
9913_gene	"10m,1hr"	1.52835361367117	2.74942078038393
8818_gene	"10m,1hr"	1.18290568123529	1.751026296857
8885_gene	"10m,1hr"	1.41455134097013	1.68533509167166
9739_gene	"10m,1hr"	1.49165237912694	1.45334683919548
9058_gene	"10m,1hr"	1.39134487332309	2.10045966342975
10166_gene	"10m,1hr"	1.28826243560763	1.00561831739796
10647_gene	"10m,1hr"	1.17940709476661	1.06695717260791
10207_gene	"10m,1hr"	1.87539864342512	1.05692835471015
9849_gene	"10m,1hr"	1.76495321256985	1.69190586006063
9283_gene	"10m,1hr"	3.06179980099099	2.42422415560731
9103_gene	"10m,1hr"	1.12551275783556	1.19627688150598
9724_gene	"10m,1hr"	2.24535923918689	1.61411572518083
10402_gene	"10m,1hr"	1.44077834070915	2.06842209256176
9059_gene	"10m,1hr"	1.39556021680087	2.04009175659344
8972_gene	"10m,1hr"	1.52249800620955	1.82168340735958
9047_gene	"10m,1hr"	1.22746643542377	1.70972073524793
8816_gene	"10m,1hr"	1.97094611242371	1.55458284081716
8686_gene	"10m,1hr"	1.81165694659909	2.25002099580694
8855_gene	"10m,1hr"	1.6486565576103	1.52047680378909
10580_gene	"10m,1hr"	1.00691003179153	1.26057835284175
10087_gene	"10m,1hr"	1.30588278307753	1.87284759334001
9317_gene	"10m,1hr"	11.4639478043131	10.4235351654554
10202_gene	"10m,1hr"	1.46793919586283	1.57561001528271
8587_gene	"10m,1hr"	1.42836893151393	1.41604366066741
168_gene	"10m,1hr"	1.45851958910511	1.93831989174956
8613_gene	"10m,1hr"	1.80810345539278	2.01094712108781
8212_gene	"10m,1hr"	1.06690581696127	1.20056897178521
3473_gene	"10m,1hr"	1.33382673617305	1.98332752483124
3717_gene	"10m,1hr"	1.55649677125379	1.58240554830997
3661_gene	"10m,1hr"	1.89655986466825	1.05172294769807
2966_gene	"10m,1hr"	1.28845215386466	1.64916210300901
2887_gene	"10m,1hr"	1.2396337383908	1.6121628977078
3189_gene	"10m,1hr"	2.02391366857435	2.06995908365608
3373_gene	"10m,1hr"	2.01649044022827	3.7400154967807
3354_gene	"10m,1hr"	2.72516153780213	3.48879325668648
3681_gene	"10m,1hr"	1.99613960220716	2.80002525599444
2758_gene	"10m,1hr"	3.35954958829699	1.85280569002497
364_gene	"10m,1hr"	1.44554698684979	1.43783478006458
447_gene	"10m,1hr"	1.21079990462172	1.30361738422241
1161_gene	"10m,1hr"	1.03707158041705	1.48965060822216
735_gene	"10m,1hr"	1.50298435157495	1.27595462871881
2453_gene	"10m,1hr"	1.0722420958455	1.24456042858198
2490_gene	"10m,1hr"	2.20677954678186	2.61116618568041
1860_gene	"10m,1hr"	1.89009669259051	2.78069252795106
455_gene	"10m,1hr"	2.9580814435617	3.46882438073134
2912_gene	"10m,1hr"	1.09782638426281	1.59543006219022
3668_gene	"10m,1hr"	2.31267463955889	9.29052503898677
3682_gene	"10m,1hr"	1.98105211901433	2.77370246309402
2739_gene	"10m,1hr"	1.46779235766139	1.58744948571312
4250_gene	"10m,1hr"	2.96821147139349	1.7561495384099
4947_gene	"10m,1hr"	2.45044364877921	2.10488025276132
5120_gene	"10m,1hr"	1.07367324278111	1.07133193402373
5076_gene	"10m,1hr"	7.4877990182698	6.40746452902672
4015_gene	"10m,1hr"	4.32179069928651	1.99275767111646
4483_gene	"10m,1hr"	3.89694205101551	3.71445915080202
4215_gene	"10m,1hr"	3.47818013232303	1.56570703724006
4842_gene	"10m,1hr"	1.81925050758436	1.72736996971123
4864_gene	"10m,1hr"	1.73053421228704	1.00410102334013
3666_gene	"10m,1hr"	2.89017616952948	2.58439364209854
2885_gene	"10m,1hr"	1.13804377154235	1.16910936967404
3551_gene	"10m,1hr"	1.61599420018308	1.94665884833133
3632_gene	"10m,1hr"	1.61751496913479	1.27460372293669
2908_gene	"10m,1hr"	1.35075175355759	1.35687290099697
3366_gene	"10m,1hr"	1.14405898956074	1.71447929701113
2886_gene	"10m,1hr"	1.14617584110563	1.15794436924678
3078_gene	"10m,1hr"	2.40832623484359	2.27144614789062
3683_gene	"10m,1hr"	1.96585796706166	2.74700556997159
3667_gene	"10m,1hr"	1.99292835796047	1.67264089162699
1621_gene	"10m,1hr"	1.30457777515261	1.40457995784552
2200_gene	"10m,1hr"	1.4229037349038	2.07917601234482
2120_gene	"10m,1hr"	2.833655511881	1.38068229164653
1219_gene	"10m,1hr"	2.08263777852929	1.44482740509075
333_gene	"10m,1hr"	1.16706853592532	1.52623909608471
2126_gene	"10m,1hr"	1.29712274485264	1.29486917206073
909_gene	"10m,1hr"	1.19504808617716	1.59300072496992
1748_gene	"10m,1hr"	1.8168329404651	2.06363418698132
237_gene	"10m,1hr"	1.75986264923197	1.81251000998547
2256_gene	"10m,1hr"	1.42353413973698	2.03680229918888
1530_gene	"10m,1hr"	1.11335301155753	1.57894203436312
2038_gene	"10m,1hr"	1.04813979209502	1.2948927888651
2198_gene	"10m,1hr"	1.09336555199927	1.15582560518923
2146_gene	"10m,1hr"	1.55356859066849	1.50863521606903
812_gene	"10m,1hr"	1.80041048545732	3.71708997488294
130_gene	"10m,1hr"	1.5739608145768	1.26971154358879
1959_gene	"10m,1hr"	2.4065990866269	5.22806845882282
339_gene	"10m,1hr"	1.67095152809343	1.28919871321431
820_gene	"10m,1hr"	2.08802614737455	1.33770056069224
1160_gene	"10m,1hr"	1.0189333154412	1.51874159984326
856_gene	"10m,1hr"	1.09968147310539	1.50160884124119
1918_gene	"10m,1hr"	2.36730491163784	1.65693393928106
7014_gene	"10m,1hr"	1.15527851227651	2.1534008656446
1064_gene	"10m,1hr"	1.91528942759387	1.67275274330742
3982_gene	"10m,1hr"	3.74018640592321	3.57523775823962
1295_gene	"10m,1hr"	2.79425926512215	3.45253539522899
714_gene	"10m,1hr"	1.19739193452997	1.79369817458574
156_gene	"10m,1hr"	2.65695422022703	3.03052672192393
1840_gene	"10m,1hr"	1.54237873363112	3.20719120753714
2199_gene	"10m,1hr"	1.57988512644504	1.38106486854394
521_gene	"10m,1hr"	1.37011186676828	1.78778316769219
303_gene	"10m,1hr"	1.6695204322735	1.38372181701682
522_gene	"10m,1hr"	1.36500591696885	1.77875649332496
12_gene	"10m,1hr"	1.5793661229847	2.29234924322259
502_gene	"10m,1hr"	1.62083496072202	1.15183802302927
1958_gene	"10m,1hr"	1.60939369748093	2.7120916669029
691_gene	"10m,1hr"	2.28915630588602	2.02952377996647
1126_gene	"10m,1hr"	1.28074781594633	1.71114435007766
434_gene	"10m,1hr"	3.70389655286505	4.82420335141405
561_gene	"10m,1hr"	1.24149331792585	1.27361329463902
476_gene	"10m,1hr"	1.16761487194008	1.29409041808824
1945_gene	"10m,1hr"	1.11804066549018	1.58566588875019
365_gene	"10m,1hr"	2.45276922406441	2.5043465747657
1259_gene	"10m,1hr"	1.55165159315682	2.39224454012813
2493_gene	"10m,1hr"	25.2973056960619	34.8911888810328
789_gene	"10m,1hr"	1.41764642919497	1.9378648875895
668_gene	"10m,1hr"	1.61289450992187	3.91145340051072
4464_gene	"10m,1hr"	2.07388320817528	1.35897430502169
2343_gene	"10m,1hr"	1.0044504096567	1.03737358438913
4135_gene	"10m,1hr"	1.53187927382686	1.78518145762916
7337_gene	"10m,1hr"	1.39241561786654	1.6351014757085
7211_gene	"10m,1hr"	7.6374270165563	7.65236110152448
7336_gene	"10m,1hr"	1.33592972493603	2.48273872594988
8449_gene	"10m,1hr"	1.58794835191853	1.54174797949098
7029_gene	"10m,1hr"	8.83427847988266	8.29681838864299
6850_gene	"10m,1hr"	1.40764206313392	1.45573352429462
8136_gene	"10m,1hr"	1.38783992046846	1.50994917787334
8002_gene	"10m,1hr"	2.38804985236223	1.4886718061797
8216_gene	"10m,1hr"	1.51632980643522	1.15386623851505
7982_gene	"10m,1hr"	1.03253354244503	1.11354600346309
8283_gene	"10m,1hr"	1.94116779770939	1.68484324401198
8003_gene	"10m,1hr"	2.16562314712561	4.28838097833397
6537_gene	"10m,1hr"	1.60054978419974	1.89447455883392
6135_gene	"10m,1hr"	4.09732094527864	1.45662434611773
5731_gene	"10m,1hr"	2.5850517779225	1.3384247039352
6377_gene	"10m,1hr"	1.99114472539763	2.28072607028177
5699_gene	"10m,1hr"	1.22688215298084	1.0416699430493
5666_gene	"10m,1hr"	2.22134517824558	2.53415336852031
7788_gene	"10m,1hr"	1.14720639639538	2.31013501641175
7335_gene	"10m,1hr"	1.36879482547338	2.43563784529356
7486_gene	"10m,1hr"	1.68799477211514	2.58749794734023
7067_gene	"10m,1hr"	1.04861061963048	1.9246361087865
7385_gene	"10m,1hr"	1.06076430662532	1.04070718736418
4648_gene	"10m,1hr"	1.54031189874976	1.24009876603793
7880_gene	"10m,1hr"	1.82234960149919	2.26604326095713
6995_gene	"10m,1hr"	1.27977111724553	1.26690190197719
7881_gene	"10m,1hr"	1.34587288310495	1.82654905741725
7343_gene	"10m,1hr"	1.57768127716796	2.73370101249294
7172_gene	"10m,1hr"	1.40355871050524	1.49574618329694
7070_gene	"10m,1hr"	1.31646134773688	1.41416818254791
7845_gene	"10m,1hr"	1.53473080098321	1.15251673776399
7120_gene	"10m,1hr"	2.27438810603399	1.27055309377805
7338_gene	"10m,1hr"	1.30352541276459	2.52750328195142
7462_gene	"10m,1hr"	1.07605420788606	1.06151474454969
6991_gene	"10m,1hr"	2.28123058686519	1.31327744033076
6916_gene	"10m,1hr"	1.9951493325749	1.2568297805141
7044_gene	"10m,1hr"	1.73454873190411	2.39686964007455
8050_gene	"10m,1hr"	2.95794819957508	1.4653377067416
7776_gene	"10m,1hr"	1.11368288250359	1.09452224492621
7108_gene	"10m,1hr"	1.37405493782584	1.16856986050313
6794_gene	"10m,1hr"	1.07746268329202	1.23819364882595
6068_gene	"10m,1hr"	1.39670928460997	1.31154416897289
5500_gene	"10m,1hr"	1.87698055824477	1.63275774815299
8474_gene	"10m,1hr"	1.42937557032567	1.17670345876524
6433_gene	"10m,1hr"	1.63224439735868	4.22382855973098
6363_gene	"10m,1hr"	1.00185825015656	2.02071868859178
6383_gene	"10m,1hr"	1.47436854056261	1.31090406954655
5240_gene	"10m,1hr"	1.42118798449653	1.17904462425714
5246_gene	"10m,1hr"	1.84877972424688	1.79619514057633
6062_gene	"10m,1hr"	1.09128818427792	1.33357323277567
4383_gene	"10m,1hr"	1.06834949567074	1.10290673296963
4387_gene	"10m,1hr"	2.34593796370078	2.15756522272723
4093_gene	"10m,1hr"	1.12032046881078	1.74487933268744
5069_gene	"10m,1hr"	1.71290158528029	1.40148377989109
4462_gene	"10m,1hr"	1.01066597237519	1.77517158687871
4349_gene	"10m,1hr"	1.32803033966468	1.22494015449143
4672_gene	"10m,1hr"	1.83596417643387	1.71084945442907
4067_gene	"10m,1hr"	1.57291417641441	1.14680166785948
4972_gene	"10m,1hr"	1.5880811966768	1.78580224785008
4735_gene	"10m,1hr"	2.39186417887327	1.12497304754217
4251_gene	"10m,1hr"	1.51721842631023	1.75743183572465
6309_gene	"10m,1hr"	2.19008078738458	1.05700598486385
4151_gene	"10m,1hr"	1.39803699812467	1.40915330149445
4913_gene	"10m,1hr"	2.21665894694576	2.51506611984198
6628_gene	"10m,1hr"	2.00943620995809	2.24922313928004
5669_gene	"10m,1hr"	1.32802633071108	1.74317091917612
4699_gene	"10m,1hr"	1.73231015790637	1.46885480833893
6028_gene	"10m,1hr"	1.85545598121254	2.69969445752186
6027_gene	"10m,1hr"	2.39652698068527	3.17365455193437
6284_gene	"10m,1hr"	1.0792585111368	2.02891046980168
6127_gene	"10m,1hr"	2.59600319311166	1.88588889747473
6078_gene	"10m,1hr"	2.10347804234579	3.43039944155382
5809_gene	"10m,1hr"	1.24030683699627	1.10303220064246
6705_gene	"10m,1hr"	2.74621645315753	1.64117666261198
5375_gene	"10m,1hr"	1.59678985086313	2.20169711366624
5921_gene	"10m,1hr"	1.07691604246727	1.17440119362378
6622_gene	"10m,1hr"	1.89457447018656	1.93208803708608
5615_gene	"10m,1hr"	1.7750880428656	1.72548797241105
5677_gene	"10m,1hr"	1.36614825553564	1.64408323242393
6347_gene	"10m,1hr"	1.26769375011948	1.2712201427005
5399_gene	"10m,1hr"	2.05731945005531	2.14322845200547
6516_gene	"10m,1hr"	2.34270622397117	2.66659843376797
5864_gene	"10m,1hr"	1.58711372796852	1.14254139660769
6538_gene	"10m,1hr"	2.62122495949802	2.45883765611354
5918_gene	"10m,1hr"	1.49091399691772	1.08604760072518
5243_gene	"10m,1hr"	2.09617834898619	1.64714550265739
6432_gene	"10m,1hr"	1.14120406626765	1.07672503355024
7386_gene	1hr	1.41986656118173	4.25488659638502
8081_gene	1hr	0.585586051988643	1.4612574411979
7222_gene	1hr	-0.320206288299135	2.28893618597098
5868_gene	1hr	-0.440275086765885	2.33687681778357
7041_gene	1hr	0.27683566470867	1.59074052250981
8047_gene	1hr	0.00627803497671206	1.23147256474252
7123_gene	1hr	0.581628644800601	1.78280075711005
7708_gene	1hr	0.902953823466822	1.18730772377288
8404_gene	1hr	0.517706906063753	1.78851299089176
8273_gene	1hr	0.230298590521638	1.34134831761092
5924_gene	1hr	0.751894466926061	1.17307513873761
6499_gene	1hr	0.741439962376481	1.14316366288161
6087_gene	1hr	0.976420382607377	1.73724928196817
5874_gene	1hr	0.284245396933954	1.20526107799175
6719_gene	1hr	1.51153576142592	3.09973380373465
6194_gene	1hr	0.663820075391541	1.05960630451156
6581_gene	1hr	0.220587022909923	1.17698082029802
6661_gene	1hr	0.285433913572746	1.45445575118404
6098_gene	1hr	0.991469597620942	2.74030681054039
7229_gene	1hr	0.837069323126791	1.07090354842766
5525_gene	1hr	0.377104716094354	1.06448716682889
5372_gene	1hr	0.818263297393718	1.24867146082812
7366_gene	1hr	0.873958147298674	1.12772925032805
7586_gene	1hr	0.358011159986271	1.21341498056782
7825_gene	1hr	0.409869459833632	1.09046852155069
7053_gene	1hr	0.871839139351185	1.70606614256038
7598_gene	1hr	0.746926362571884	1.24377237719041
6188_gene	1hr	0.282333170517734	1.10376243031223
7676_gene	1hr	0.933023514971335	1.7942038683572
8080_gene	1hr	0.223382006549966	1.99293454521253
7533_gene	1hr	0.00909478414330818	1.80431483280576
7391_gene	1hr	0.505103344178043	1.06944100366025
8124_gene	1hr	0.616563494205152	1.00526429668208
7221_gene	1hr	-0.265114965161627	2.61408407100582
7481_gene	1hr	0.578670458875276	2.17716628135862
7069_gene	1hr	0.984141546272267	1.02239152093508
7816_gene	1hr	0.317375087949819	1.03055463832651
7564_gene	1hr	0.115166131159317	1.36431633276985
7436_gene	1hr	-0.574612921293698	2.63265524005637
7971_gene	1hr	-0.278420496767329	1.01232697963643
7438_gene	1hr	0.512715475829501	1.13294181379275
7546_gene	1hr	0.751890092524822	1.45171400063116
8125_gene	1hr	0.757321292114899	1.12835525926385
7976_gene	1hr	0.805085042222497	2.82145261361882
7614_gene	1hr	0.395723227787471	1.19866333250879
7531_gene	1hr	0.674362821454109	1.58316492853159
7484_gene	1hr	0.317986047203726	1.57432382739643
7834_gene	1hr	0.584008788878094	1.74008474933251
6616_gene	1hr	0.562217872449633	1.13731060801668
5835_gene	1hr	0.72662578489251	1.25600546251726
5996_gene	1hr	0.911741927035893	2.1365763951629
6655_gene	1hr	0.774716276524936	1.59858254170194
6035_gene	1hr	0.159806882656005	1.93139002736292
5993_gene	1hr	0.963819897792281	1.73115045454532
6677_gene	1hr	0.67654131578778	1.06444645535698
6217_gene	1hr	0.886549945231773	1.02000720373907
6641_gene	1hr	0.716548927877419	1.27195858052939
6238_gene	1hr	0.692571089578606	1.13110753593664
6570_gene	1hr	0.973533002956792	1.20669683893167
5317_gene	1hr	0.993813229981657	3.47517317401897
5554_gene	1hr	0.346626684933913	1.3861112297581
6077_gene	1hr	0.678588237408779	1.3917474300503
6419_gene	1hr	0.450874675379358	1.2533871326301
5534_gene	1hr	0.497440847023279	1.04946667359787
6125_gene	1hr	-0.0239367940260929	4.183913043707
5505_gene	1hr	1.17042566089008	1.59927732052884
6604_gene	1hr	4.03899933884977	5.34905800472758
5590_gene	1hr	0.366123951183002	1.61815039961563
5637_gene	1hr	0.829336456870711	1.13843871927421
6594_gene	1hr	0.605611642123249	1.12310545433311
6602_gene	1hr	0.0686707054507455	1.00343295957698
7058_gene	1hr	0.947939444362895	1.0687676980144
4369_gene	1hr	0.235288810225406	1.2400995251642
6468_gene	1hr	0.579948179619542	1.28188136869009
6342_gene	1hr	0.0833266268541984	2.00532045624575
5429_gene	1hr	0.407202974907325	1.54921297376281
5676_gene	1hr	1.44472159064007	3.01203963827033
6026_gene	1hr	0.402702811548039	1.59662171314117
5189_gene	1hr	-0.0431305108842632	1.04831960379955
6094_gene	1hr	0.646137670910995	1.67605355905411
5794_gene	1hr	0.675547146660968	1.04179333352275
6480_gene	1hr	0.87239876208871	1.2023160263599
6187_gene	1hr	-0.0689828122659751	1.50759823437252
5595_gene	1hr	0.323546104891262	1.31271965278956
6601_gene	1hr	1.22081599559277	3.04387912589196
6693_gene	1hr	0.990051372835785	1.74553150015105
6456_gene	1hr	0.925563047808542	1.20724396206772
6580_gene	1hr	0.710658634855958	1.17067169337491
6694_gene	1hr	0.400717441472561	1.63764587087172
5333_gene	1hr	0.783219333344848	2.32268571422912
6000_gene	1hr	0.893357437770256	1.14328765420654
6305_gene	1hr	0.258804349665843	1.59448670886831
6097_gene	1hr	0.808460929643687	1.81757261507774
5454_gene	1hr	0.00580427875564893	3.6636515999244
6039_gene	1hr	-0.319240667287553	1.09937187499236
5985_gene	1hr	0.0464344241825139	7.3152495159551
5526_gene	1hr	0.565591406300602	3.46746659004075
5565_gene	1hr	0.166756547520019	1.80584251915763
5477_gene	1hr	0.153784513016207	1.423979505661
6304_gene	1hr	0.228301212054152	1.58565610656859
8395_gene	1hr	0.429481365238601	1.54485555691949
9887_gene	1hr	0.91460545554114	1.60999698884607
7417_gene	1hr	0.604449324193722	1.35696993757936
9740_gene	1hr	0.754102465239144	1.86723954111294
10496_gene	1hr	-0.115400500633203	1.07346713618642
10707_gene	1hr	0.966639756194051	1.86297450654834
9845_gene	1hr	2.31624071901603	5.71144647731473
10247_gene	1hr	0.992592829195788	1.36770775886589
10566_gene	1hr	0.443925547059756	6.81574662701629
10144_gene	1hr	0.404549243824846	1.00550271164269
10458_gene	1hr	0.30481883442345	1.21338947855256
10500_gene	1hr	0.519737345853818	1.41024081353026
9914_gene	1hr	0.282132185159705	1.88249420406217
10596_gene	1hr	-0.959650552064801	1.57547146860279
10474_gene	1hr	0.598463979555593	1.34464102888716
9900_gene	1hr	-0.110855021476643	1.11016487429062
9691_gene	1hr	0.776074096322607	1.06416447091677
10465_gene	1hr	0.580417288161053	2.31318358000767
8706_gene	1hr	0.690423153762391	1.06759649102802
9471_gene	1hr	0.818228741626792	1.03296294529247
9323_gene	1hr	0.769538835423178	1.34655662051175
8812_gene	1hr	-0.723512927894919	1.04685354162887
8664_gene	1hr	-0.0700771500805765	3.20010825191837
8817_gene	1hr	0.786830905142027	1.08205021842743
9401_gene	1hr	1.43602291781011	2.3193442669774
10248_gene	1hr	0.861421050195288	1.59583016027761
9112_gene	1hr	0.861836614913265	1.57985467018565
10459_gene	1hr	0.9140529908498	1.23391311301636
10550_gene	1hr	0.574382609055932	1.25259295883923
10312_gene	1hr	-0.125921048582421	2.11312524058041
10122_gene	1hr	1.2220016640689	2.77212430062815
10706_gene	1hr	0.743972565633062	1.05024537294586
10713_gene	1hr	0.860400014593227	1.35742496196574
10404_gene	1hr	0.492084932665541	1.02810010880548
10079_gene	1hr	0.489189221615144	1.19154838774737
9923_gene	1hr	0.338613052506885	2.17190394648999
9856_gene	1hr	0.884855620012606	2.11647637054075
10610_gene	1hr	-0.681919349098172	1.97477601101348
10271_gene	1hr	0.151444360499097	1.10398289244994
10487_gene	1hr	1.19147638735209	24.5173516269228
10046_gene	1hr	0.329661754665478	1.45028670006954
10413_gene	1hr	-0.0778528183044302	2.07672819541753
4134_gene	1hr	2.27182868500132	5.83589775498775
10442_gene	1hr	0.741309678632679	1.58055099399847
10077_gene	1hr	0.467358795224677	1.66772913630228
10639_gene	1hr	0.429707318247778	1.6535734547245
9734_gene	1hr	0.808300654959461	1.52558326131302
10165_gene	1hr	0.189769661121903	1.72497559558613
10653_gene	1hr	0.047066181510567	1.17489804905926
10724_gene	1hr	0.955143478738155	1.29675830045579
10633_gene	1hr	0.0102825741955578	7.53279388658871
9685_gene	1hr	0.537993951040434	1.40259277650394
8174_gene	1hr	0.515964563783925	1.55380461409245
9152_gene	1hr	0.694067626405587	1.10065877035264
8567_gene	1hr	0.774557842191783	1.62560439295534
7579_gene	1hr	0.221872870938147	1.02910243628728
7390_gene	1hr	0.306274247201893	1.1482689066566
7270_gene	1hr	-0.120689166671091	1.72598594553624
7520_gene	1hr	0.768626271159728	1.02401476106596
8386_gene	1hr	0.88402021167337	1.53513815352039
8099_gene	1hr	0.38188534762434	2.04162415403164
8096_gene	1hr	0.369748796478551	1.52941487369657
8303_gene	1hr	0.691167129669979	1.2829476300865
7755_gene	1hr	0.259104241255624	1.81139959050045
8097_gene	1hr	0.377877467627827	1.50968640907172
7652_gene	1hr	0.283089915347899	1.38291159783637
7964_gene	1hr	0.980793423461653	1.26996603486744
8040_gene	1hr	0.170680292071676	1.23838288060841
7534_gene	1hr	0.352634919451872	1.44731352969301
7711_gene	1hr	0.827704594927472	22.9427385035726
8114_gene	1hr	0.826268267805985	1.70189639470934
8226_gene	1hr	0.941249860517127	1.7242635033682
8452_gene	1hr	-0.648683251637575	6.87004858294496
7841_gene	1hr	-1.61907234673262	5.658077410141
7175_gene	1hr	-0.184676921731186	1.28727527776325
7274_gene	1hr	0.0770913560992416	1.18875349152914
7597_gene	1hr	0.665113899648428	1.15457467379363
7879_gene	1hr	1.52204577343449	2.79392267440055
8886_gene	1hr	0.925832549089294	1.70671212579382
7459_gene	1hr	0.407303995863268	1.22855966265463
7268_gene	1hr	0.357502775353886	1.25810818793214
8663_gene	1hr	0.33173221094285	2.77062616854776
9151_gene	1hr	-0.29747017462983	1.31261798869394
8880_gene	1hr	3.03785078359302	7.06817990439096
9046_gene	1hr	0.638610579510366	1.83203500770273
8881_gene	1hr	-0.0310403739544874	2.16330535483738
9048_gene	1hr	-0.420327343928894	2.07598760616246
9278_gene	1hr	1.27544757114177	5.19073997031529
8802_gene	1hr	0.617127103955642	1.35848288049296
9057_gene	1hr	0.69095824263441	2.77149726920008
9062_gene	1hr	-0.131514980366605	1.36759705053136
7230_gene	1hr	0.944267364513812	1.53525949687338
9315_gene	1hr	0.777031743864237	25.4359766334861
9297_gene	1hr	2.20344872967865	2.94105936929317
9206_gene	1hr	0.472700630307188	2.36953273125197
9250_gene	1hr	0.783764161485754	1.05573455975173
9288_gene	1hr	0.995074499620704	2.01706010808394
9394_gene	1hr	0.554305346939682	3.34087411179892
9330_gene	1hr	0.40390163812177	1.04472351886436
8234_gene	1hr	0.646420440916106	1.15397531449717
7675_gene	1hr	0.639672189100401	1.53523390932547
7547_gene	1hr	0.804697869679993	1.17748525738189
6940_gene	1hr	0.242881543918381	1.40987615452565
8980_gene	1hr	0.457412242696635	1.51744184353839
4901_gene	1hr	0.226231717178277	1.26837472792731
1050_gene	1hr	0.952597443788844	1.03903207196892
4690_gene	1hr	-0.310449814072912	1.09956491630618
2464_gene	1hr	-0.996872364700911	6.79365320554999
2195_gene	1hr	0.464548760147354	1.29462799453597
1609_gene	1hr	0.778596091937027	1.20095177838528
1445_gene	1hr	0.129862565567397	1.33258436437782
851_gene	1hr	0.448040177200748	1.03759962279039
1604_gene	1hr	0.726807357157567	1.00449476146689
1288_gene	1hr	0.795504311693969	1.68593798900814
1440_gene	1hr	0.617385911479002	1.01738635365227
1065_gene	1hr	0.910001924178732	1.72064046234071
404_gene	1hr	0.880305603578376	1.47690048240255
409_gene	1hr	0.471501257931184	1.10672160620123
1743_gene	1hr	1.22774521370321	2.2754052220711
738_gene	1hr	0.626642852873386	1.02214266894667
1549_gene	1hr	0.961116000647054	1.05180281114256
1327_gene	1hr	0.695371191216662	1.08847272171145
505_gene	1hr	-0.394624875685311	1.29150426005287
1282_gene	1hr	0.499765883487638	1.02147455490625
2213_gene	1hr	0.19636874816736	1.02466568734416
157_gene	1hr	0.639242954014516	2.84088379052645
1535_gene	1hr	0.574831364590719	1.22707744189901
155_gene	1hr	0.404241195404901	1.94622784546147
584_gene	1hr	0.713950106979988	1.96704639449596
2596_gene	1hr	-0.301094021037803	2.54183160390276
1366_gene	1hr	0.892754704619956	1.64994169737218
38_gene	1hr	0.810495444079491	2.8266968417341
1861_gene	1hr	0.850932298903822	1.32136536448498
1619_gene	1hr	0.561154447681887	1.56487862460846
1309_gene	1hr	0.0391145482186367	1.72035253110099
2354_gene	1hr	0.568278735082149	1.01155346419903
1877_gene	1hr	0.467878945845094	1.97102332138926
2144_gene	1hr	0.968484239158159	1.98659075862603
247_gene	1hr	0.499788269244425	1.87936917782309
1557_gene	1hr	0.99113169023032	2.05616627438334
1203_gene	1hr	0.883872500738332	1.48626406343622
1464_gene	1hr	-0.739660688868629	2.46133810700452
26_gene	1hr	0.826277570770422	1.15093493680183
741_gene	1hr	0.332948604643998	1.27382675870576
1597_gene	1hr	0.559187068699638	1.4033459039768
629_gene	1hr	-1.12365498884634	19.833663026556
1546_gene	1hr	0.83111933524747	1.08210020596935
1909_gene	1hr	0.507029883632809	1.05438296205377
1838_gene	1hr	0.746958486530335	1.13287405943372
1227_gene	1hr	-0.50115198393656	4.23945330686963
1756_gene	1hr	0.596846397526063	1.01665696757941
1917_gene	1hr	0.198511030209969	1.41912526430674
1308_gene	1hr	0.495182168761673	1.83643376372951
2042_gene	1hr	0.719696387897833	1.01374503028162
2181_gene	1hr	0.910704843328816	1.05629104219107
582_gene	1hr	2.21409278522987	8.15462901818546
1904_gene	1hr	0.563146156172821	1.49820255520346
2145_gene	1hr	0.968839222759293	1.96826190454208
737_gene	1hr	0.907841995694591	1.98934948228571
2058_gene	1hr	0.038428394446506	1.25168141664013
1839_gene	1hr	0.253602396758809	1.22096719717302
11_gene	1hr	0.133238422922644	1.15415925485501
1177_gene	1hr	0.33826624997481	1.21431051548655
554_gene	1hr	1.78908743113848	2.41149094776436
1033_gene	1hr	0.541339307490201	1.4366838260856
1638_gene	1hr	0.743570502546109	1.06183065023932
1032_gene	1hr	0.70780522027117	2.47686795130769
2194_gene	1hr	0.252224334746362	2.03637077759833
337_gene	1hr	0.172640803117494	1.33500124312965
2057_gene	1hr	0.072736361436437	1.26582073927379
929_gene	1hr	0.6530744596523	1.15895930159533
1218_gene	1hr	0.640889171810959	1.34989517733188
1966_gene	1hr	0.224932605417411	1.42850883287657
2525_gene	1hr	0.383798856829185	1.20353693748257
143_gene	1hr	0.97286622172757	1.62132036829619
2325_gene	1hr	-0.110035721302036	1.95848077965068
1488_gene	1hr	0.93355824365428	1.23684251493929
1283_gene	1hr	0.800994148566337	2.05768640094867
2226_gene	1hr	0.562718877609933	1.23713726144803
1764_gene	1hr	0.255450634439017	3.49192545218677
9995_gene	1hr	0.527518288380811	1.72498308560937
451_gene	1hr	0.424009921574124	1.15938120470302
1263_gene	1hr	-0.669925644785834	1.45843262406981
142_gene	1hr	0.945009622983264	1.57966923176925
344_gene	1hr	0.0986388036740804	1.11709827662657
990_gene	1hr	-0.0784025334457025	1.29635106972554
583_gene	1hr	0.938788070001387	1.21895686532661
2143_gene	1hr	0.960737118713787	1.98685628838786
1690_gene	1hr	0.563215216888071	1.49154497349139
1315_gene	1hr	0.258591384747085	1.15638443736046
239_gene	1hr	0.363232592937692	1.27339110200258
1405_gene	1hr	0.433505346091506	1.04495734330315
1414_gene	1hr	0.592056208960813	1.82916459560368
1916_gene	1hr	-0.276866841738282	1.6607178315856
783_gene	1hr	0.862794101229698	1.4441706345858
1010_gene	1hr	0.238707216761694	1.11361745689857
9_gene	1hr	1.38952210112937	3.14775543420375
1948_gene	1hr	3.15259795412535	7.04841051900844
527_gene	1hr	1.0639110640614	1.2116041587589
2636_gene	1hr	0.20445277093701	1.07074235253062
2459_gene	1hr	0.690679460540628	2.43947792903962
2184_gene	1hr	0.631210432812706	1.27099408700965
997_gene	1hr	0.940059450103391	1.37234386191851
2140_gene	1hr	0.084795295694538	1.21497249468482
177_gene	1hr	0.40226181324379	1.08662859865624
2392_gene	1hr	0.261942828272657	1.30157397597361
1553_gene	1hr	0.729171646002169	2.27616096157323
2572_gene	1hr	0.691528165077495	2.4149478083045
4469_gene	1hr	0.633290301231548	1.21061677537561
472_gene	1hr	-0.470730168339531	1.38372137456285
1982_gene	1hr	0.816321297658383	3.92786255023843
4695_gene	1hr	0.901894680176016	1.02981637732869
4698_gene	1hr	1.63252461543426	6.33475353534955
4047_gene	1hr	0.429671179654454	1.6024233857781
4550_gene	1hr	0.968845794382916	2.06492031798869
4557_gene	1hr	0.0989504460350891	1.03534295351865
4306_gene	1hr	-0.152522233500963	4.78237404739368
4470_gene	1hr	1.49288931243383	4.34063305488322
3894_gene	1hr	1.55818544901353	2.25766005695877
4307_gene	1hr	0.601645628776343	1.193224985595
3580_gene	1hr	-0.0846536746304336	1.21509838194589
4908_gene	1hr	0.372852225436537	1.68626927365031
3337_gene	1hr	0.00245897462591828	1.35401529647717
3080_gene	1hr	2.52296351618625	23.9948159994449
3491_gene	1hr	0.236599316733299	1.67530355770063
3687_gene	1hr	0.647574400476056	1.55974920009337
3233_gene	1hr	0.952659672299765	1.31832128530495
2932_gene	1hr	0.542181510722982	1.06687979544898
2749_gene	1hr	0.213779719618797	1.11402322315796
3465_gene	1hr	0.791462952935743	2.09140774955589
3624_gene	1hr	0.897462209116622	2.65894356323944
3427_gene	1hr	0.23744018464939	1.04805583221044
3181_gene	1hr	0.893204840759926	1.09635087504567
2648_gene	1hr	0.482442430597256	1.28592135833808
3395_gene	1hr	0.296860292212589	1.19239766094306
4532_gene	1hr	0.931171771238559	1.01505520016784
4019_gene	1hr	0.677987559967769	1.42610366633967
4460_gene	1hr	0.707941289668408	1.91981085180756
4214_gene	1hr	0.895067239630942	1.46866045555281
4805_gene	1hr	0.201554503301771	1.15430738601513
4284_gene	1hr	0.443691873201699	1.32740206663844
4689_gene	1hr	0.365959707381099	1.06906092799641
4116_gene	1hr	0.286282349356725	1.49134736597754
4308_gene	1hr	0.672377496114935	1.25433324008113
4046_gene	1hr	0.568065716542658	1.79015436904624
4370_gene	1hr	0.224965617060667	1.27178455625951
4949_gene	1hr	0.391517793152704	2.76339729603067
4107_gene	1hr	0.91147636129557	1.91442920577952
4368_gene	1hr	0.24043370193497	1.22198161715933
4944_gene	1hr	0.0882633525058929	1.17334150062366
4353_gene	1hr	1.03873578648063	5.96761226217745
4168_gene	1hr	0.45715041404525	1.18191900678701
4371_gene	1hr	0.230304698851627	1.25605647647429
4827_gene	1hr	2.12026299929509	5.8035695614336
4593_gene	1hr	-0.332118036380324	1.99154619266285
4950_gene	1hr	0.997349559134907	2.18644667719507
4407_gene	1hr	0.837413932510657	1.14773462211551
4094_gene	1hr	0.632124535713099	1.01000476798213
4386_gene	1hr	-0.238284187441217	1.17975447075233
4549_gene	1hr	1.05746175420139	2.97275316189972
2204_gene	1hr	0.268681518866224	5.5026463362282
2848_gene	1hr	0.171839075159858	1.31646446558346
3733_gene	1hr	0.431693913222528	6.23768457868117
2097_gene	1hr	0.739753680973343	1.67657160186004
2276_gene	1hr	0.509203680903734	1.12642728443433
555_gene	1hr	-0.531982432186089	1.39481770851715
39_gene	1hr	0.214732777355528	1.27675254570215
1196_gene	1hr	0.614259533843148	1.05299824457105
1000_gene	1hr	0.00407052345910838	1.06166045658234
1622_gene	1hr	0.562753841208232	1.21423199986368
10_gene	1hr	0.501541867474138	1.45824352708427
618_gene	1hr	0.848779952232078	1.25930908594183
1946_gene	1hr	1.22603671545549	2.72859751731267
2322_gene	1hr	0.563379418675357	1.70495196532418
854_gene	1hr	0.976952700300264	1.49456326222114
1936_gene	1hr	-0.00377971173994328	2.96607471804191
190_gene	1hr	0.201101468831866	1.24952391787594
2259_gene	1hr	0.385707664545186	1.241764774369
2479_gene	1hr	0.246973058296352	1.47179544716532
1365_gene	1hr	0.899145779330122	1.63701979491371
1367_gene	1hr	0.88597680479318	1.66313311733821
566_gene	1hr	0.817748730289835	3.24746486732375
1108_gene	1hr	0.0780786608193392	1.01521705083955
2469_gene	1hr	0.866131979853882	1.30124733523838
1347_gene	1hr	0.401406280058951	1.20082158044476
2634_gene	1hr	0.781415730316149	1.03928060898934
3477_gene	1hr	0.436860554728862	1.67389132149651
1246_gene	1hr	0.396912669359424	1.06661687405731
1935_gene	1hr	0.695862900632631	1.03421093810005
3639_gene	1hr	-0.592212980503648	1.682076487768
2938_gene	1hr	0.184969431647266	1.68085612136093
3191_gene	1hr	0.788669818710597	2.15404916857696
3124_gene	1hr	0.326127162130085	1.04070893379057
3574_gene	1hr	0.168257062217792	1.04249615806569
3287_gene	1hr	0.476899676932828	2.31756087799607
3599_gene	1hr	0.0850365117499544	1.42557724830755
2941_gene	1hr	2.35284654021394	9.01485431472909
3641_gene	1hr	1.69407712525062	6.73124035788952
3570_gene	1hr	0.73555314066265	1.40552869813429
298_gene	1hr	0.872234232957086	1.16301900017811
3600_gene	1hr	0.0835507489482406	1.33750067392241
2696_gene	1hr	-0.0530741033674063	1.10119798377828
2909_gene	1hr	0.409697390975366	1.42707584167867
3032_gene	1hr	-0.401552136987506	5.71317099702406
1742_gene	1hr	-0.441249235854915	1.27608125783474
2265_gene	1hr	0.635858859643758	1.80054514742245
585_gene	1hr	0.686017223495796	1.95551984753809
1174_gene	1hr	0.887453046287476	1.62213996126177
2345_gene	1hr	0.884064329290904	1.78963348335433
1404_gene	1hr	0.383962261614999	1.02795574415037
1_gene	1hr	0.0574323477161225	1.4038114621955
3192_gene	1hr	0.637866170473526	2.17150109742572
9729_gene	1hr	0.673020972050761	1.77944476685002